trade_time,ts_code,side,gross_price,shares,net_pnl
2025-01-02 09:30:00,110086.SH,BUY,101.85,980,0.0
2025-01-02 09:30:00,110087.SH,BUY,107.24,930,0.0
2025-01-02 09:30:00,110095.SH,BUY,101.419,980,0.0
2025-01-02 09:30:00,111004.SH,BUY,106.093,940,0.0
2025-01-02 09:30:00,111009.SH,BUY,102.784,970,0.0
2025-01-02 09:30:00,113046.SH,BUY,107.2,930,0.0
2025-01-02 09:30:00,113048.SH,BUY,106.127,750,0.0
2025-01-02 09:30:00,113053.SH,BUY,105.971,600,0.0
2025-01-02 09:30:00,113059.SH,BUY,109.058,470,0.0
2025-01-02 09:30:00,113526.SH,BUY,105.821,390,0.0
2025-01-09 09:30:00,110086.SH,SELL,101.02,980,-1012.2125999999887
2025-01-09 09:30:00,110087.SH,SELL,106.1,930,-1258.6061999999895
2025-01-09 09:30:00,110095.SH,SELL,96.836,980,-4685.629899999987
2025-01-09 09:30:00,111004.SH,SELL,104.329,940,-1855.9566800000039
2025-01-09 09:30:00,111009.SH,SELL,102.473,970,-500.7692899999961
2025-01-09 09:30:00,113046.SH,SELL,107.138,930,-256.9943399999959
2025-01-09 09:30:00,113048.SH,SELL,106.502,750,121.77825000000553
2025-01-09 09:30:00,113053.SH,SELL,105.451,600,-438.85319999999695
2025-01-09 09:30:00,113059.SH,SELL,109.668,470,183.89878000000465
2025-01-09 09:30:00,113526.SH,SELL,105.799,390,-91.11179999999521
2025-01-09 09:30:00,110086.SH,BUY,101.02,970,0.0
2025-01-09 09:30:00,110087.SH,BUY,106.1,930,0.0
2025-01-09 09:30:00,110095.SH,BUY,96.836,1020,0.0
2025-01-09 09:30:00,111004.SH,BUY,104.329,940,0.0
2025-01-09 09:30:00,111009.SH,BUY,102.473,960,0.0
2025-01-09 09:30:00,113046.SH,BUY,107.138,920,0.0
2025-01-09 09:30:00,113048.SH,BUY,106.502,740,0.0
2025-01-09 09:30:00,113053.SH,BUY,105.451,600,0.0
2025-01-09 09:30:00,113054.SH,BUY,108.607,470,0.0
2025-01-09 09:30:00,113526.SH,BUY,105.799,380,0.0
2025-01-16 09:30:00,110086.SH,SELL,103.568,970,2273.1096400000147
2025-01-16 09:30:00,110087.SH,SELL,107.98,930,1549.3056000000263
2025-01-16 09:30:00,110095.SH,SELL,103.736,1020,6833.416560000012
2025-01-16 09:30:00,111004.SH,SELL,106.768,940,2094.228820000011
2025-01-16 09:30:00,111009.SH,SELL,103.829,960,1103.7100800000007
2025-01-16 09:30:00,113046.SH,SELL,108.747,920,1281.665800000008
2025-01-16 09:30:00,113048.SH,SELL,108.611,740,1401.4763800000153
2025-01-16 09:30:00,113053.SH,SELL,106.823,600,695.8356000000038
2025-01-16 09:30:00,113054.SH,SELL,109.598,470,363.213650000001
2025-01-16 09:30:00,113526.SH,SELL,105.849,380,-61.42623999999984
2025-01-16 09:30:00,110086.SH,BUY,103.568,970,0.0
2025-01-16 09:30:00,110087.SH,BUY,107.98,930,0.0
2025-01-16 09:30:00,110095.SH,BUY,103.736,970,0.0
2025-01-16 09:30:00,111004.SH,BUY,106.768,940,0.0
2025-01-16 09:30:00,111009.SH,BUY,103.829,970,0.0
2025-01-16 09:30:00,113046.SH,BUY,108.747,920,0.0
2025-01-16 09:30:00,113048.SH,BUY,108.611,740,0.0
2025-01-16 09:30:00,113053.SH,BUY,106.823,600,0.0
2025-01-16 09:30:00,113054.SH,BUY,109.598,470,0.0
2025-01-16 09:30:00,113526.SH,BUY,105.849,390,0.0
2025-01-23 09:30:00,110086.SH,SELL,103.894,970,114.98186000001468
2025-01-23 09:30:00,110087.SH,SELL,107.81,930,-358.78469999998686
2025-01-23 09:30:00,110095.SH,SELL,105.029,970,1051.7079500000066
2025-01-23 09:30:00,111004.SH,SELL,108.24,940,1181.5724800000103
2025-01-23 09:30:00,111009.SH,SELL,106.325,970,2217.2706200000202
2025-01-23 09:30:00,113046.SH,SELL,108.91,920,-50.2844399999924
2025-01-23 09:30:00,113048.SH,SELL,109.0,740,126.82786000001414
2025-01-23 09:30:00,113053.SH,SELL,106.39,600,-387.7277999999933
2025-01-23 09:30:00,113054.SH,SELL,110.0,470,85.72894000000488
2025-01-23 09:30:00,110086.SH,BUY,103.894,1030,0.0
2025-01-23 09:30:00,110087.SH,BUY,107.81,990,0.0
2025-01-23 09:30:00,110095.SH,BUY,105.029,1020,0.0
2025-01-23 09:30:00,111004.SH,BUY,108.24,990,0.0
2025-01-23 09:30:00,111009.SH,BUY,106.325,1010,0.0
2025-01-23 09:30:00,113044.SH,BUY,110.19,780,0.0
2025-01-23 09:30:00,113046.SH,BUY,108.91,630,0.0
2025-01-23 09:30:00,113048.SH,BUY,109.0,510,0.0
2025-01-23 09:30:00,113053.SH,BUY,106.39,420,0.0
2025-02-07 09:30:00,110086.SH,SELL,106.86,1030,2837.9033800000143
2025-02-07 09:30:00,110087.SH,SELL,108.428,990,397.744380000005
2025-02-07 09:30:00,110095.SH,SELL,107.8,1020,2609.334420000016
2025-02-07 09:30:00,111004.SH,SELL,108.981,990,518.5412100000046
2025-02-07 09:30:00,111009.SH,SELL,106.299,1010,-241.01023999998716
2025-02-07 09:30:00,113046.SH,SELL,109.63,630,315.91980000000547
2025-02-07 09:30:00,113048.SH,SELL,108.88,510,-172.3187999999992
2025-02-07 09:30:00,113053.SH,SELL,107.1,420,208.53420000000028
2025-02-07 09:30:00,110086.SH,BUY,106.86,1040,0.0
2025-02-07 09:30:00,110087.SH,BUY,108.428,1020,0.0
2025-02-07 09:30:00,110095.SH,BUY,107.8,1030,0.0
2025-02-07 09:30:00,111004.SH,BUY,108.981,1020,0.0
2025-02-07 09:30:00,111009.SH,BUY,106.299,830,0.0
2025-02-07 09:30:00,111014.SH,BUY,112.698,630,0.0
2025-02-07 09:30:00,113046.SH,BUY,109.63,520,0.0
2025-02-07 09:30:00,113048.SH,BUY,108.88,420,0.0
2025-02-14 09:30:00,110086.SH,SELL,108.65,1040,1637.4696000000267
2025-02-14 09:30:00,110087.SH,SELL,108.459,1020,-189.6047399999793
2025-02-14 09:30:00,110095.SH,SELL,111.75,1030,3842.3635000000195
2025-02-14 09:30:00,111004.SH,SELL,110.8,1020,1631.2033800000197
2025-02-14 09:30:00,111009.SH,SELL,107.416,830,749.7265499999974
2025-02-14 09:30:00,111014.SH,SELL,113.4,630,299.81826000001206
2025-02-14 09:30:00,113046.SH,SELL,109.69,520,-82.84639999998944
2025-02-14 09:30:00,113048.SH,SELL,111.898,420,1174.8332400000081
2025-02-14 09:30:00,110086.SH,BUY,108.65,1030,0.0
2025-02-14 09:30:00,110087.SH,BUY,108.459,1030,0.0
2025-02-14 09:30:00,110095.SH,BUY,111.75,1000,0.0
2025-02-14 09:30:00,111004.SH,BUY,110.8,1010,0.0
2025-02-14 09:30:00,111009.SH,BUY,107.416,840,0.0
2025-02-14 09:30:00,111014.SH,BUY,113.4,630,0.0
2025-02-14 09:30:00,113046.SH,BUY,109.69,520,0.0
2025-02-14 09:30:00,113048.SH,BUY,111.898,410,0.0
2025-02-21 09:30:00,110086.SH,SELL,107.7,1030,-1201.3404999999793
2025-02-21 09:30:00,110087.SH,SELL,108.39,1030,-294.42446999998424
2025-02-21 09:30:00,110095.SH,SELL,113.25,1000,1275.00000000002
2025-02-21 09:30:00,111004.SH,SELL,112.05,1010,1037.4215000000204
2025-02-21 09:30:00,111009.SH,SELL,107.873,840,203.03724000001978
2025-02-21 09:30:00,111014.SH,SELL,113.734,630,67.3255800000068
2025-02-21 09:30:00,113046.SH,SELL,111.893,520,1030.3368400000113
2025-02-21 09:30:00,113048.SH,SELL,110.259,410,-763.0743699999907
2025-02-21 09:30:00,110055.SH,BUY,112.0,1000,0.0
2025-02-21 09:30:00,110086.SH,BUY,107.7,1040,0.0
2025-02-21 09:30:00,110087.SH,BUY,108.39,1030,0.0
2025-02-21 09:30:00,110095.SH,BUY,113.25,990,0.0
2025-02-21 09:30:00,111004.SH,BUY,112.05,800,0.0
2025-02-21 09:30:00,111009.SH,BUY,107.873,670,0.0
2025-02-21 09:30:00,111014.SH,BUY,113.734,510,0.0
2025-02-21 09:30:00,113046.SH,BUY,111.893,410,0.0
2025-02-28 09:30:00,110055.SH,SELL,111.2,1000,-1023.1999999999886
2025-02-28 09:30:00,110086.SH,SELL,109.4,1040,1542.2160000000156
2025-02-28 09:30:00,110087.SH,SELL,108.018,1030,-606.0602399999866
2025-02-28 09:30:00,110095.SH,SELL,118.406,990,4875.100560000019
2025-02-28 09:30:00,111004.SH,SELL,112.65,800,300.24000000001934
2025-02-28 09:30:00,111009.SH,SELL,108.111,670,14.750720000014752
2025-02-28 09:30:00,111014.SH,SELL,114.245,510,144.34071000000984
2025-02-28 09:30:00,113046.SH,SELL,112.416,410,122.46331000000794
2025-02-28 09:30:00,110055.SH,BUY,111.2,1010,0.0
2025-02-28 09:30:00,110086.SH,BUY,109.4,1030,0.0
2025-02-28 09:30:00,110087.SH,BUY,108.018,1050,0.0
2025-02-28 09:30:00,111004.SH,BUY,112.65,1000,0.0
2025-02-28 09:30:00,111009.SH,BUY,108.111,840,0.0
2025-02-28 09:30:00,113046.SH,BUY,112.416,640,0.0
2025-02-28 09:30:00,113048.SH,BUY,110.84,520,0.0
2025-02-28 09:30:00,113054.SH,BUY,111.075,420,0.0
2025-03-07 09:30:00,110055.SH,SELL,110.042,1010,-1393.0344199999906
2025-03-07 09:30:00,110086.SH,SELL,108.624,1030,-1023.8447200000105
2025-03-07 09:30:00,110087.SH,SELL,107.5,1050,-770.193899999989
2025-03-07 09:30:00,111004.SH,SELL,113.15,1000,274.20000000000755
2025-03-07 09:30:00,111009.SH,SELL,107.524,840,-674.2133999999959
2025-03-07 09:30:00,113046.SH,SELL,112.85,640,133.58976000001348
2025-03-07 09:30:00,113048.SH,SELL,110.69,520,-193.19559999999626
2025-03-07 09:30:00,113054.SH,SELL,111.42,420,51.45210000000759
2025-03-07 09:30:00,110055.SH,BUY,110.042,1020,0.0
2025-03-07 09:30:00,110086.SH,BUY,108.624,1030,0.0
2025-03-07 09:30:00,110087.SH,BUY,107.5,1050,0.0
2025-03-07 09:30:00,111009.SH,BUY,107.524,1050,0.0
2025-03-07 09:30:00,111014.SH,BUY,113.471,790,0.0
2025-03-07 09:30:00,113024.SH,BUY,105.729,680,0.0
2025-03-07 09:30:00,113048.SH,BUY,110.69,520,0.0
2025-03-07 09:30:00,113054.SH,BUY,111.42,410,0.0
2025-03-14 09:30:00,110086.SH,SELL,107.6,1030,-1277.4307199999978
2025-03-14 09:30:00,110087.SH,SELL,107.1,1050,-645.3299999999956
2025-03-14 09:30:00,111009.SH,SELL,107.511,1050,-239.4367499999909
2025-03-14 09:30:00,111014.SH,SELL,112.942,790,-596.7762700000035
2025-03-14 09:30:00,113024.SH,SELL,105.297,680,-437.2576799999848
2025-03-14 09:30:00,113048.SH,SELL,109.64,520,-660.5715999999933
2025-03-14 09:30:00,113054.SH,SELL,111.27,410,-152.80289999999653
2025-03-14 09:30:00,110085.SH,BUY,113.5,980,0.0
2025-03-14 09:30:00,110086.SH,BUY,107.6,1040,0.0
2025-03-14 09:30:00,110087.SH,BUY,107.1,1050,0.0
2025-03-14 09:30:00,111009.SH,BUY,107.511,830,0.0
2025-03-14 09:30:00,113024.SH,BUY,105.297,680,0.0
2025-03-14 09:30:00,113046.SH,BUY,113.6,500,0.0
2025-03-14 09:30:00,113048.SH,BUY,109.64,420,0.0
2025-03-21 09:30:00,110085.SH,SELL,113.423,980,-297.8445399999836
2025-03-21 09:30:00,110086.SH,SELL,107.3,1040,-535.4959999999824
2025-03-21 09:30:00,110087.SH,SELL,107.5,1050,194.67000000001633
2025-03-21 09:30:00,111009.SH,SELL,106.641,830,-899.846159999979
2025-03-21 09:30:00,113024.SH,SELL,105.16,680,-236.2707599999942
2025-03-21 09:30:00,113046.SH,SELL,113.6,500,-113.59999999999815
2025-03-21 09:30:00,113048.SH,SELL,109.909,420,20.769420000007983
2025-03-21 09:30:00,110085.SH,BUY,113.423,980,0.0
2025-03-21 09:30:00,110086.SH,BUY,107.3,1040,0.0
2025-03-21 09:30:00,110087.SH,BUY,107.5,1040,0.0
2025-03-21 09:30:00,111009.SH,BUY,106.641,840,0.0
2025-03-21 09:30:00,113024.SH,BUY,105.16,680,0.0
2025-03-21 09:30:00,113046.SH,BUY,113.6,500,0.0
2025-03-21 09:30:00,113048.SH,BUY,109.909,420,0.0
2025-03-28 09:30:00,110085.SH,SELL,112.765,980,-866.5042399999809
2025-03-28 09:30:00,110086.SH,SELL,108.29,1040,805.386400000018
2025-03-28 09:30:00,110087.SH,SELL,107.971,1040,265.7501600000103
2025-03-28 09:30:00,111009.SH,SELL,107.5,840,541.6815600000092
2025-03-28 09:30:00,113024.SH,SELL,104.933,680,-297.22323999998366
2025-03-28 09:30:00,113046.SH,SELL,111.62,500,-1102.6099999999915
2025-03-28 09:30:00,113048.SH,SELL,109.26,420,-364.63097999999775
2025-03-28 09:30:00,110076.SH,BUY,113.935,980,0.0
2025-03-28 09:30:00,110085.SH,BUY,112.765,990,0.0
2025-03-28 09:30:00,110086.SH,BUY,108.29,1030,0.0
2025-03-28 09:30:00,110087.SH,BUY,107.971,830,0.0
2025-03-28 09:30:00,111009.SH,BUY,107.5,660,0.0
2025-03-28 09:30:00,113024.SH,BUY,104.933,540,0.0
2025-03-28 09:30:00,113046.SH,BUY,111.62,410,0.0
2025-04-07 09:30:00,110076.SH,SELL,113.0,980,-1138.6962999999857
2025-04-07 09:30:00,110085.SH,SELL,109.5,990,-3452.3923499999796
2025-04-07 09:30:00,110086.SH,SELL,106.78,1030,-1776.8220999999878
2025-04-07 09:30:00,110087.SH,SELL,107.6,830,-486.85393000000533
2025-04-07 09:30:00,111009.SH,SELL,104.421,660,-2172.007859999989
2025-04-07 09:30:00,113046.SH,SELL,109.69,410,-882.037099999998
2025-04-07 09:30:00,110081.SH,BUY,108.7,1090,0.0
2025-04-07 09:30:00,110086.SH,BUY,106.78,1110,0.0
2025-04-07 09:30:00,110087.SH,BUY,107.6,890,0.0
2025-04-07 09:30:00,110095.SH,BUY,109.5,700,0.0
2025-04-07 09:30:00,111004.SH,BUY,113.2,540,0.0
2025-04-07 09:30:00,111009.SH,BUY,104.421,470,0.0
2025-04-14 09:30:00,110081.SH,SELL,112.0,1090,3356.4370000000195
2025-04-14 09:30:00,110086.SH,SELL,106.454,1110,-598.5497399999927
2025-04-14 09:30:00,110087.SH,SELL,107.0,890,-724.9939999999862
2025-04-14 09:30:00,110095.SH,SELL,104.05,700,-3964.4849999999906
2025-04-14 09:30:00,111004.SH,SELL,113.565,540,74.64690000000473
2025-04-14 09:30:00,111009.SH,SELL,105.778,470,538.996470000005
2025-04-14 09:30:00,110081.SH,BUY,112.0,1060,0.0
2025-04-14 09:30:00,110085.SH,BUY,108.0,1100,0.0
2025-04-14 09:30:00,110086.SH,BUY,106.454,890,0.0
2025-04-14 09:30:00,110087.SH,BUY,107.0,710,0.0
2025-04-14 09:30:00,110095.SH,BUY,104.05,580,0.0
2025-04-14 09:30:00,111009.SH,BUY,105.778,460,0.0
2025-04-21 09:30:00,110081.SH,SELL,106.6,1060,-5955.716
2025-04-21 09:30:00,110085.SH,SELL,106.36,1100,-2039.7959999999841
2025-04-21 09:30:00,110086.SH,SELL,105.953,890,-634.932229999978
2025-04-21 09:30:00,110087.SH,SELL,106.15,710,-754.8364999999851
2025-04-21 09:30:00,110095.SH,SELL,98.8,580,-3162.6529999999907
2025-04-21 09:30:00,111009.SH,SELL,105.998,460,3.783040000005826
2025-04-21 09:30:00,110081.SH,BUY,106.6,1090,0.0
2025-04-21 09:30:00,110085.SH,BUY,106.36,1100,0.0
2025-04-21 09:30:00,110086.SH,BUY,105.953,880,0.0
2025-04-21 09:30:00,110087.SH,BUY,106.15,700,0.0
2025-04-21 09:30:00,110095.SH,BUY,98.8,610,0.0
2025-04-21 09:30:00,111009.SH,BUY,105.998,450,0.0
2025-04-28 09:30:00,110081.SH,SELL,109.0,1090,2380.9960000000274
2025-04-28 09:30:00,110085.SH,SELL,107.401,1100,909.9629000000064
2025-04-28 09:30:00,110086.SH,SELL,106.587,880,370.88480000000914
2025-04-28 09:30:00,110087.SH,SELL,106.65,700,201.04000000000894
2025-04-28 09:30:00,110095.SH,SELL,99.005,610,4.388950000006133
2025-04-28 09:30:00,111009.SH,SELL,105.333,450,-394.348949999997
2025-04-28 09:30:00,110081.SH,BUY,109.0,1070,0.0
2025-04-28 09:30:00,110085.SH,BUY,107.401,1090,0.0
2025-04-28 09:30:00,110086.SH,BUY,106.587,880,0.0
2025-04-28 09:30:00,110087.SH,BUY,106.65,700,0.0
2025-04-28 09:30:00,110095.SH,BUY,99.005,610,0.0
2025-04-28 09:30:00,111009.SH,BUY,105.333,460,0.0
2025-05-08 09:30:00,110081.SH,SELL,110.8,1070,1690.8140000000053
2025-05-08 09:30:00,110085.SH,SELL,108.0,1090,418.1229100000196
2025-05-08 09:30:00,110086.SH,SELL,106.5,880,-264.0765599999918
2025-05-08 09:30:00,110087.SH,SELL,106.55,700,-219.23999999999637
2025-05-08 09:30:00,110095.SH,SELL,100.405,610,732.359900000012
2025-05-08 09:30:00,111009.SH,SELL,106.029,460,222.9334800000018
2025-05-08 09:30:00,110076.SH,BUY,111.113,1060,0.0
2025-05-08 09:30:00,110085.SH,BUY,108.0,1090,0.0
2025-05-08 09:30:00,110086.SH,BUY,106.5,880,0.0
2025-05-08 09:30:00,110087.SH,BUY,106.55,710,0.0
2025-05-08 09:30:00,110095.SH,BUY,100.405,600,0.0
2025-05-08 09:30:00,111009.SH,BUY,106.029,450,0.0
2025-05-15 09:30:00,110076.SH,SELL,111.2,1060,-143.4317799999812
2025-05-15 09:30:00,110085.SH,SELL,109.494,1090,1391.391540000013
2025-05-15 09:30:00,110086.SH,SELL,107.6,880,779.5920000000058
2025-05-15 09:30:00,110087.SH,SELL,107.568,710,570.7562200000111
2025-05-15 09:30:00,110095.SH,SELL,103.501,600,1735.2564000000086
2025-05-15 09:30:00,111009.SH,SELL,113.0,450,3038.386950000005
2025-05-15 09:30:00,110076.SH,BUY,111.2,1070,0.0
2025-05-15 09:30:00,110085.SH,BUY,109.494,1090,0.0
2025-05-15 09:30:00,110086.SH,BUY,107.6,880,0.0
2025-05-15 09:30:00,110087.SH,BUY,107.568,710,0.0
2025-05-15 09:30:00,110095.SH,BUY,103.501,590,0.0
2025-05-15 09:30:00,111015.SH,BUY,111.99,430,0.0
2025-05-22 09:30:00,110076.SH,SELL,113.202,1070,1902.0298600000126
2025-05-22 09:30:00,110085.SH,SELL,108.73,1090,-1070.6241599999714
2025-05-22 09:30:00,110086.SH,SELL,108.296,880,422.49152000002255
2025-05-22 09:30:00,110087.SH,SELL,107.35,710,-307.3717799999905
2025-05-22 09:30:00,110095.SH,SELL,102.853,590,-504.0688600000004
2025-05-22 09:30:00,111015.SH,SELL,113.501,430,552.7688700000081
2025-05-22 09:30:00,110073.SH,BUY,112.499,1060,0.0
2025-05-22 09:30:00,110085.SH,BUY,108.73,1090,0.0
2025-05-22 09:30:00,110086.SH,BUY,108.296,880,0.0
2025-05-22 09:30:00,110087.SH,BUY,107.35,710,0.0
2025-05-22 09:30:00,110095.SH,BUY,102.853,590,0.0
2025-05-22 09:30:00,111009.SH,BUY,110.587,440,0.0
2025-05-29 09:30:00,110073.SH,SELL,111.267,1060,-1543.1119599999818
2025-05-29 09:30:00,110085.SH,SELL,107.944,1090,-1092.9146599999988
2025-05-29 09:30:00,110086.SH,SELL,106.502,880,-1767.742239999999
2025-05-29 09:30:00,110087.SH,SELL,106.25,710,-932.6559999999856
2025-05-29 09:30:00,110095.SH,SELL,97.705,590,-3155.64921999999
2025-05-29 09:30:00,111009.SH,SELL,109.357,440,-637.9753599999947
2025-05-29 09:30:00,110073.SH,BUY,111.267,1060,0.0
2025-05-29 09:30:00,110085.SH,BUY,107.944,1090,0.0
2025-05-29 09:30:00,110086.SH,BUY,106.502,880,0.0
2025-05-29 09:30:00,110087.SH,BUY,106.25,710,0.0
2025-05-29 09:30:00,110095.SH,BUY,97.705,620,0.0
2025-05-29 09:30:00,111009.SH,BUY,109.357,440,0.0
2025-06-06 09:30:00,110073.SH,SELL,112.915,1060,1509.2470800000272
2025-06-06 09:30:00,110085.SH,SELL,108.1,1090,-65.44795999998982
2025-06-06 09:30:00,110086.SH,SELL,107.305,880,518.4898400000202
2025-06-06 09:30:00,110087.SH,SELL,107.05,710,416.55700000000536
2025-06-06 09:30:00,110095.SH,SELL,100.049,620,1330.672520000012
2025-06-06 09:30:00,111009.SH,SELL,109.997,440,185.08424000000218
2025-06-06 09:30:00,110081.SH,BUY,113.1,1040,0.0
2025-06-06 09:30:00,110085.SH,BUY,108.1,1090,0.0
2025-06-06 09:30:00,110086.SH,BUY,107.305,880,0.0
2025-06-06 09:30:00,110087.SH,BUY,107.05,710,0.0
2025-06-06 09:30:00,110095.SH,BUY,100.049,610,0.0
2025-06-06 09:30:00,111009.SH,BUY,109.997,440,0.0
2025-06-13 09:30:00,110081.SH,SELL,111.982,1040,-1396.8052799999805
2025-06-13 09:30:00,110085.SH,SELL,109.958,1090,1787.5367800000054
2025-06-13 09:30:00,110086.SH,SELL,107.875,880,312.24160000000325
2025-06-13 09:30:00,110087.SH,SELL,107.356,710,65.03174000001053
2025-06-13 09:30:00,110095.SH,SELL,102.24,610,1213.1137100000055
2025-06-13 09:30:00,111009.SH,SELL,109.7,440,-227.34667999999715
2025-06-13 09:30:00,110081.SH,BUY,111.982,1060,0.0
2025-06-13 09:30:00,110085.SH,BUY,109.958,1080,0.0
2025-06-13 09:30:00,110086.SH,BUY,107.875,880,0.0
2025-06-13 09:30:00,110087.SH,BUY,107.356,710,0.0
2025-06-13 09:30:00,110095.SH,BUY,102.24,590,0.0
2025-06-13 09:30:00,111009.SH,BUY,109.7,440,0.0
2025-06-20 09:30:00,110081.SH,SELL,108.299,1060,-4137.477859999977
2025-06-20 09:30:00,110085.SH,SELL,110.052,1080,-136.0907999999779
2025-06-20 09:30:00,110086.SH,SELL,107.987,880,-91.39855999999327
2025-06-20 09:30:00,110087.SH,SELL,107.85,710,197.94374000001355
2025-06-20 09:30:00,110095.SH,SELL,100.881,590,-921.6513899999944
2025-06-20 09:30:00,111009.SH,SELL,109.662,440,-113.23927999999398
2025-06-20 09:30:00,110081.SH,BUY,108.299,1090,0.0
2025-06-20 09:30:00,110085.SH,BUY,110.052,1070,0.0
2025-06-20 09:30:00,110086.SH,BUY,107.987,870,0.0
2025-06-20 09:30:00,110087.SH,BUY,107.85,700,0.0
2025-06-20 09:30:00,110095.SH,BUY,100.881,600,0.0
2025-06-20 09:30:00,111009.SH,BUY,109.662,440,0.0
2025-06-27 09:30:00,110081.SH,SELL,110.982,1090,2685.4537099999975
2025-06-27 09:30:00,110085.SH,SELL,112.428,1070,2304.2664000000154
2025-06-27 09:30:00,110086.SH,SELL,109.338,870,986.2972500000094
2025-06-27 09:30:00,110087.SH,SELL,107.896,700,-118.82219999998256
2025-06-27 09:30:00,110095.SH,SELL,102.943,600,1114.9056000000087
2025-06-27 09:30:00,111009.SH,SELL,111.527,440,723.276840000006
2025-06-27 09:30:00,110081.SH,BUY,110.982,1070,0.0
2025-06-27 09:30:00,110085.SH,BUY,112.428,1060,0.0
2025-06-27 09:30:00,110086.SH,BUY,109.338,870,0.0
2025-06-27 09:30:00,110087.SH,BUY,107.896,700,0.0
2025-06-27 09:30:00,110095.SH,BUY,102.943,590,0.0
2025-06-27 09:30:00,111009.SH,BUY,111.527,440,0.0
2025-07-04 09:30:00,110081.SH,SELL,112.555,1070,1443.9254100000153
2025-07-04 09:30:00,110085.SH,SELL,117.299,1060,4919.749380000013
2025-07-04 09:30:00,110086.SH,SELL,111.78,870,1932.167340000015
2025-07-04 09:30:00,110087.SH,SELL,108.929,700,571.3225000000108
2025-07-04 09:30:00,110095.SH,SELL,111.824,590,5113.077470000012
2025-07-04 09:30:00,111009.SH,SELL,112.718,440,425.372200000009
2025-07-04 09:30:00,110081.SH,BUY,112.555,1080,0.0
2025-07-04 09:30:00,110086.SH,BUY,111.78,1080,0.0
2025-07-04 09:30:00,110087.SH,BUY,108.929,890,0.0
2025-07-04 09:30:00,110095.SH,BUY,111.824,690,0.0
2025-07-04 09:30:00,111009.SH,BUY,112.718,550,0.0
2025-07-04 09:30:00,113046.SH,BUY,115.008,430,0.0
2025-07-11 09:30:00,110081.SH,SELL,114.1,1080,1423.8126000000084
2025-07-11 09:30:00,110086.SH,SELL,112.19,1080,200.9124000000179
2025-07-11 09:30:00,110087.SH,SELL,110.012,890,769.0125100000104
2025-07-11 09:30:00,110095.SH,SELL,117.4,690,3689.2754400000135
2025-07-11 09:30:00,111009.SH,SELL,113.385,550,242.49335000001153
2025-07-11 09:30:00,113046.SH,SELL,114.899,430,-145.7300099999904
2025-07-11 09:30:00,110081.SH,BUY,114.1,1070,0.0
2025-07-11 09:30:00,110086.SH,BUY,112.19,1090,0.0
2025-07-11 09:30:00,110087.SH,BUY,110.012,890,0.0
2025-07-11 09:30:00,110092.SH,BUY,94.988,830,0.0
2025-07-11 09:30:00,111009.SH,BUY,113.385,550,0.0
2025-07-11 09:30:00,113046.SH,BUY,114.899,440,0.0
2025-07-18 09:30:00,110081.SH,SELL,116.6,1070,2428.151000000001
2025-07-18 09:30:00,110086.SH,SELL,112.544,1090,140.8999400000168
2025-07-18 09:30:00,110087.SH,SELL,110.35,890,104.69782000001217
2025-07-18 09:30:00,110092.SH,SELL,96.058,830,729.5318200000179
2025-07-18 09:30:00,111009.SH,SELL,113.103,550,-279.6683999999999
2025-07-18 09:30:00,113046.SH,SELL,116.588,440,641.3057200000026
2025-07-18 09:30:00,110081.SH,BUY,116.6,1050,0.0
2025-07-18 09:30:00,110085.SH,BUY,117.935,1040,0.0
2025-07-18 09:30:00,110086.SH,BUY,112.544,880,0.0
2025-07-18 09:30:00,110087.SH,BUY,110.35,710,0.0
2025-07-18 09:30:00,110095.SH,BUY,116.991,540,0.0
2025-07-18 09:30:00,111009.SH,BUY,113.103,450,0.0
2025-07-25 09:30:00,110081.SH,SELL,118.36,1050,1601.2920000000192
2025-07-25 09:30:00,110085.SH,SELL,119.478,1040,1357.8104800000028
2025-07-25 09:30:00,110086.SH,SELL,115.008,880,1968.0742400000088
2025-07-25 09:30:00,110087.SH,SELL,116.666,710,4323.178640000017
2025-07-25 09:30:00,110095.SH,SELL,121.2,540,2144.236860000009
2025-07-25 09:30:00,111009.SH,SELL,116.298,450,1334.5195500000116
2025-07-25 09:30:00,110081.SH,BUY,118.36,1060,0.0
2025-07-25 09:30:00,110085.SH,BUY,119.478,1050,0.0
2025-07-25 09:30:00,110086.SH,BUY,115.008,870,0.0
2025-07-25 09:30:00,110087.SH,BUY,116.666,680,0.0
2025-07-25 09:30:00,110092.SH,BUY,98.749,650,0.0
2025-07-25 09:30:00,111009.SH,BUY,116.298,440,0.0
2025-08-01 09:30:00,110081.SH,SELL,116.88,1060,-1818.154399999979
2025-08-01 09:30:00,110085.SH,SELL,117.273,1050,-2563.8385499999813
2025-08-01 09:30:00,110086.SH,SELL,112.52,870,-2362.509359999993
2025-08-01 09:30:00,110087.SH,SELL,112.166,680,-3215.6057599999885
2025-08-01 09:30:00,110092.SH,SELL,97.582,650,-886.1651499999923
2025-08-01 09:30:00,111009.SH,SELL,116.018,440,-225.41903999999306
2025-08-01 09:30:00,110081.SH,BUY,116.88,1050,0.0
2025-08-01 09:30:00,110086.SH,BUY,112.52,1100,0.0
2025-08-01 09:30:00,110087.SH,BUY,112.166,880,0.0
2025-08-01 09:30:00,110092.SH,BUY,97.582,810,0.0
2025-08-01 09:30:00,111009.SH,BUY,116.018,540,0.0
2025-08-01 09:30:00,113046.SH,BUY,117.3,430,0.0
2025-08-08 09:30:00,110081.SH,SELL,119.732,1050,2746.1574000000255
2025-08-08 09:30:00,110086.SH,SELL,114.788,1100,2244.7612000000076
2025-08-08 09:30:00,110087.SH,SELL,115.464,880,2701.9256000000096
2025-08-08 09:30:00,110092.SH,SELL,100.4,810,2122.2145800000244
2025-08-08 09:30:00,111009.SH,SELL,119.299,540,1644.6688200000135
2025-08-08 09:30:00,113046.SH,SELL,123.0,430,2347.6710000000053
2025-08-08 09:30:00,110085.SH,BUY,119.543,1050,0.0
2025-08-08 09:30:00,110086.SH,BUY,114.788,1090,0.0
2025-08-08 09:30:00,110087.SH,BUY,115.464,870,0.0
2025-08-08 09:30:00,110092.SH,BUY,100.4,800,0.0
2025-08-08 09:30:00,111009.SH,BUY,119.299,540,0.0
2025-08-08 09:30:00,111014.SH,BUY,119.785,430,0.0
2025-08-15 09:30:00,110085.SH,SELL,118.604,1050,-1236.0043500000054
2025-08-15 09:30:00,110086.SH,SELL,114.8,1090,-237.1709199999914
2025-08-15 09:30:00,110087.SH,SELL,122.026,870,5502.323700000004
2025-08-15 09:30:00,110092.SH,SELL,98.952,800,-1317.8815999999983
2025-08-15 09:30:00,111009.SH,SELL,119.07,540,-252.37925999999504
2025-08-15 09:30:00,111014.SH,SELL,119.55,430,-203.96404999999845
2025-08-15 09:30:00,110081.SH,BUY,120.765,1040,0.0
2025-08-15 09:30:00,110085.SH,BUY,118.604,1060,0.0
2025-08-15 09:30:00,110086.SH,BUY,114.8,880,0.0
2025-08-15 09:30:00,110092.SH,BUY,98.952,810,0.0
2025-08-15 09:30:00,111009.SH,BUY,119.07,540,0.0
2025-08-15 09:30:00,111014.SH,BUY,119.55,430,0.0
2025-08-22 09:30:00,110081.SH,SELL,125.24,1040,4398.1547999999975
2025-08-22 09:30:00,110085.SH,SELL,122.23,1060,3588.275960000013
2025-08-22 09:30:00,110086.SH,SELL,117.275,880,1973.7740000000122
2025-08-22 09:30:00,110092.SH,SELL,105.185,810,4883.379030000013
2025-08-22 09:30:00,111009.SH,SELL,123.1,540,2045.4282000000076
2025-08-22 09:30:00,111014.SH,SELL,123.542,430,1612.0304400000061
2025-08-22 09:30:00,110081.SH,BUY,125.24,1030,0.0
2025-08-22 09:30:00,110085.SH,BUY,122.23,1050,0.0
2025-08-22 09:30:00,110086.SH,BUY,117.275,880,0.0
2025-08-22 09:30:00,110092.SH,BUY,105.185,790,0.0
2025-08-22 09:30:00,111009.SH,BUY,123.1,540,0.0
2025-08-22 09:30:00,111014.SH,BUY,123.542,430,0.0
2025-08-29 09:30:00,110081.SH,SELL,123.072,1030,-2488.801359999976
2025-08-29 09:30:00,110085.SH,SELL,120.0,1050,-2595.841499999996
2025-08-29 09:30:00,110086.SH,SELL,116.785,880,-637.172799999995
2025-08-29 09:30:00,110092.SH,SELL,103.195,790,-1736.7202000000002
2025-08-29 09:30:00,111009.SH,SELL,120.565,540,-1500.4790999999866
2025-08-29 09:30:00,111014.SH,SELL,122.006,430,-766.0656399999942
2025-08-29 09:30:00,110085.SH,BUY,120.0,1060,0.0
2025-08-29 09:30:00,110086.SH,BUY,116.785,1090,0.0
2025-08-29 09:30:00,110092.SH,BUY,103.195,990,0.0
2025-08-29 09:30:00,110095.SH,BUY,122.2,670,0.0
2025-08-29 09:30:00,111014.SH,BUY,122.006,530,0.0
2025-08-29 09:30:00,111015.SH,BUY,122.0,430,0.0
2025-09-05 09:30:00,110085.SH,SELL,122.786,1060,2695.8068400000066
2025-09-05 09:30:00,110086.SH,SELL,116.859,1090,-174.01196000000013
2025-09-05 09:30:00,110092.SH,SELL,101.001,990,-2374.2140399999707
2025-09-05 09:30:00,110095.SH,SELL,121.183,670,-844.4566099999935
2025-09-05 09:30:00,111014.SH,SELL,120.144,530,-1115.1994999999872
2025-09-05 09:30:00,111015.SH,SELL,119.673,430,-1104.5293899999956
2025-09-05 09:30:00,110086.SH,BUY,116.859,1080,0.0
2025-09-05 09:30:00,110087.SH,BUY,118.299,1070,0.0
2025-09-05 09:30:00,110092.SH,BUY,101.001,1010,0.0
2025-09-05 09:30:00,111009.SH,BUY,120.269,680,0.0
2025-09-05 09:30:00,111014.SH,BUY,120.144,540,0.0
2025-09-05 09:30:00,111015.SH,BUY,119.673,430,0.0
2025-09-12 09:30:00,110086.SH,SELL,119.607,1080,2712.456720000013
2025-09-12 09:30:00,110087.SH,SELL,120.4,1070,1992.6620700000024
2025-09-12 09:30:00,110092.SH,SELL,104.512,1010,3338.5418700000137
2025-09-12 09:30:00,111009.SH,SELL,122.325,680,1233.1160800000002
2025-09-12 09:30:00,111014.SH,SELL,121.578,540,643.8301200000086
2025-09-12 09:30:00,111015.SH,SELL,122.05,430,918.169110000001
2025-09-12 09:30:00,110073.SH,BUY,121.98,1050,0.0
2025-09-12 09:30:00,110085.SH,BUY,121.581,1060,0.0
2025-09-12 09:30:00,110086.SH,BUY,119.607,860,0.0
2025-09-12 09:30:00,110087.SH,BUY,120.4,680,0.0
2025-09-12 09:30:00,110092.SH,BUY,104.512,630,0.0
2025-09-12 09:30:00,111009.SH,BUY,122.325,430,0.0
2025-09-19 09:30:00,110073.SH,SELL,118.2,1050,-4221.188999999996
2025-09-19 09:30:00,110085.SH,SELL,122.826,1060,1060.6285799999946
2025-09-19 09:30:00,110086.SH,SELL,117.242,860,-2237.590139999989
2025-09-19 09:30:00,110087.SH,SELL,117.441,680,-2173.8518799999947
2025-09-19 09:30:00,110092.SH,SELL,103.509,630,-762.9432299999926
2025-09-19 09:30:00,111009.SH,SELL,119.236,430,-1432.1412299999952
2025-09-19 09:30:00,110059.SH,BUY,110.601,1150,0.0
2025-09-19 09:30:00,110073.SH,BUY,118.2,1070,0.0
2025-09-19 09:30:00,110086.SH,BUY,117.242,870,0.0
2025-09-19 09:30:00,110087.SH,BUY,117.441,690,0.0
2025-09-19 09:30:00,110092.SH,BUY,103.509,630,0.0
2025-09-19 09:30:00,111009.SH,BUY,119.236,440,0.0
2025-09-26 09:30:00,110059.SH,SELL,110.908,1150,98.31465000002169
2025-09-26 09:30:00,110073.SH,SELL,118.909,1070,504.92337000001453
2025-09-26 09:30:00,110086.SH,SELL,118.336,870,746.8271400000039
2025-09-26 09:30:00,110087.SH,SELL,119.017,690,924.283980000006
2025-09-26 09:30:00,110092.SH,SELL,101.388,630,-1465.3151099999895
2025-09-26 09:30:00,111009.SH,SELL,118.795,440,-298.7736399999977
2025-09-26 09:30:00,110059.SH,BUY,110.908,1150,0.0
2025-09-26 09:30:00,110073.SH,BUY,118.909,1070,0.0
2025-09-26 09:30:00,110086.SH,BUY,118.336,860,0.0
2025-09-26 09:30:00,110087.SH,BUY,119.017,680,0.0
2025-09-26 09:30:00,110092.SH,BUY,101.388,640,0.0
2025-09-26 09:30:00,111009.SH,BUY,118.795,440,0.0
2025-10-13 09:30:00,110059.SH,SELL,110.269,1150,-989.2035499999757
2025-10-13 09:30:00,110073.SH,SELL,121.0,1070,1980.6673700000117
2025-10-13 09:30:00,110086.SH,SELL,119.0,860,366.93104000001426
2025-10-13 09:30:00,110087.SH,SELL,121.3,680,1389.0244400000074
2025-10-13 09:30:00,110092.SH,SELL,102.0,640,261.51168000000325
2025-10-13 09:30:00,111009.SH,SELL,118.2,440,-366.0777999999965
2025-10-13 09:30:00,110059.SH,BUY,110.269,1160,0.0
2025-10-13 09:30:00,110073.SH,BUY,121.0,1050,0.0
2025-10-13 09:30:00,110081.SH,BUY,108.0,950,0.0
2025-10-13 09:30:00,110086.SH,BUY,119.0,680,0.0
2025-10-13 09:30:00,110087.SH,BUY,121.3,540,0.0
2025-10-13 09:30:00,110092.SH,BUY,102.0,510,0.0
2025-10-20 09:30:00,110059.SH,SELL,110.361,1160,-149.21079999998483
2025-10-20 09:30:00,110073.SH,SELL,118.339,1050,-3045.355949999988
2025-10-20 09:30:00,110081.SH,SELL,113.391,950,4911.128550000008
2025-10-20 09:30:00,110086.SH,SELL,123.311,680,2766.708520000014
2025-10-20 09:30:00,110087.SH,SELL,119.278,540,-1221.7921199999873
2025-10-20 09:30:00,110092.SH,SELL,101.052,510,-587.0365199999891
2025-10-20 09:30:00,110059.SH,BUY,110.361,1160,0.0
2025-10-20 09:30:00,110073.SH,BUY,118.339,1080,0.0
2025-10-20 09:30:00,110081.SH,BUY,113.391,900,0.0
2025-10-20 09:30:00,110087.SH,BUY,119.278,690,0.0
2025-10-20 09:30:00,110092.SH,BUY,101.052,650,0.0
2025-10-20 09:30:00,111009.SH,BUY,118.482,440,0.0
2025-10-27 09:30:00,110073.SH,SELL,121.4,1080,3046.9618800000226
2025-10-27 09:30:00,110081.SH,SELL,114.99,900,1233.5570999999916
2025-10-27 09:30:00,110087.SH,SELL,120.5,690,677.733180000005
2025-10-27 09:30:00,110092.SH,SELL,103.915,650,1727.721450000002
2025-10-27 09:30:00,111009.SH,SELL,120.989,440,997.7127600000108
2025-10-27 09:30:00,110081.SH,BUY,114.99,1130,0.0
2025-10-27 09:30:00,110087.SH,BUY,120.5,860,0.0
2025-10-27 09:30:00,110092.SH,BUY,103.915,800,0.0
2025-10-27 09:30:00,111009.SH,BUY,120.989,550,0.0
2025-10-27 09:30:00,111014.SH,BUY,121.393,440,0.0
2025-11-03 09:30:00,110081.SH,SELL,119.702,1130,5059.358040000009
2025-11-03 09:30:00,110087.SH,SELL,121.183,860,379.53262000001047
2025-11-03 09:30:00,110092.SH,SELL,104.01,800,-90.33999999999196
2025-11-03 09:30:00,111009.SH,SELL,121.503,550,149.32940000000627
2025-11-03 09:30:00,111014.SH,SELL,120.84,440,-349.902519999992
2025-11-03 09:30:00,110062.SH,BUY,111.8,1170,0.0
2025-11-03 09:30:00,110073.SH,BUY,121.166,860,0.0
2025-11-03 09:30:00,110081.SH,BUY,119.702,700,0.0
2025-11-03 09:30:00,110092.SH,BUY,104.01,640,0.0
2025-11-03 09:30:00,111009.SH,BUY,121.503,440,0.0
2025-11-10 09:30:00,110062.SH,SELL,111.8,1170,-261.6119999999888
2025-11-10 09:30:00,110073.SH,SELL,120.45,860,-823.5497599999892
2025-11-10 09:30:00,110081.SH,SELL,118.3,700,-1148.001399999997
2025-11-10 09:30:00,110092.SH,SELL,108.409,640,2679.4118400000116
2025-11-10 09:30:00,111009.SH,SELL,122.181,440,191.09904000000427
2025-11-10 09:30:00,110062.SH,BUY,111.8,1170,0.0
2025-11-10 09:30:00,110073.SH,BUY,120.45,870,0.0
2025-11-10 09:30:00,110076.SH,BUY,120.956,690,0.0
2025-11-10 09:30:00,110081.SH,BUY,118.3,570,0.0
2025-11-10 09:30:00,110092.SH,BUY,108.409,490,0.0
2025-11-17 09:30:00,110062.SH,SELL,107.576,1170,-5198.749919999984
2025-11-17 09:30:00,110073.SH,SELL,120.49,870,-174.81780000000242
2025-11-17 09:30:00,110076.SH,SELL,122.541,690,925.637070000002
2025-11-17 09:30:00,110081.SH,SELL,122.774,570,2412.7678200000037
2025-11-17 09:30:00,110092.SH,SELL,113.8,490,2532.7075899999995
2025-11-17 09:30:00,110062.SH,BUY,107.576,1220,0.0
2025-11-17 09:30:00,110063.SH,BUY,116.463,900,0.0
2025-11-17 09:30:00,110073.SH,BUY,120.49,690,0.0
2025-11-17 09:30:00,110081.SH,BUY,122.774,540,0.0
2025-11-17 09:30:00,110092.SH,BUY,113.8,470,0.0
2025-11-24 09:30:00,110062.SH,SELL,106.03,1220,-2146.719319999989
2025-11-24 09:30:00,110063.SH,SELL,113.76,900,-2639.900699999973
2025-11-24 09:30:00,110073.SH,SELL,118.9,690,-1262.279099999983
2025-11-24 09:30:00,110081.SH,SELL,119.79,540,-1742.3445599999902
2025-11-24 09:30:00,110092.SH,SELL,108.651,470,-2524.58196999999
2025-11-24 09:30:00,110062.SH,BUY,106.03,1210,0.0
2025-11-24 09:30:00,110063.SH,BUY,113.76,910,0.0
2025-11-24 09:30:00,110064.SH,BUY,113.1,730,0.0
2025-11-24 09:30:00,110073.SH,BUY,118.9,550,0.0
2025-11-24 09:30:00,110081.SH,BUY,119.79,440,0.0
2025-12-01 09:30:00,110063.SH,SELL,114.831,910,766.5921900000161
2025-12-01 09:30:00,110064.SH,SELL,113.09,730,-172.41869999998485
2025-12-01 09:30:00,110073.SH,SELL,115.1,550,-2218.6999999999953
2025-12-01 09:30:00,110081.SH,SELL,118.5,440,-672.447599999993
2025-12-01 09:30:00,110063.SH,BUY,114.831,890,0.0
2025-12-01 09:30:00,110064.SH,BUY,113.09,730,0.0
2025-12-01 09:30:00,110073.SH,BUY,115.1,570,0.0
2025-12-01 09:30:00,110076.SH,BUY,119.09,440,0.0
2025-12-08 09:30:00,110063.SH,SELL,114.38,890,-605.3877899999873
2025-12-08 09:30:00,110064.SH,SELL,112.91,730,-296.37999999999397
2025-12-08 09:30:00,110073.SH,SELL,115.4,570,39.61500000001905
2025-12-08 09:30:00,110076.SH,SELL,118.929,440,-175.5683599999918
2025-12-08 09:30:00,110063.SH,BUY,114.38,900,0.0
2025-12-08 09:30:00,110064.SH,BUY,112.91,720,0.0
2025-12-08 09:30:00,110073.SH,BUY,115.4,570,0.0
2025-12-08 09:30:00,110076.SH,BUY,118.929,440,0.0
2025-12-15 09:30:00,110064.SH,SELL,112.83,720,-220.13279999998986
2025-12-15 09:30:00,110073.SH,SELL,114.74,570,-507.37980000000135
2025-12-15 09:30:00,110076.SH,SELL,118.29,440,-385.53635999999017
2025-12-15 09:30:00,110064.SH,BUY,112.83,720,0.0
2025-12-15 09:30:00,110073.SH,BUY,114.74,570,0.0
2025-12-15 09:30:00,110076.SH,BUY,118.29,440,0.0
2025-12-22 09:30:00,110073.SH,SELL,111.37,570,-2049.7826999999816
2025-12-22 09:30:00,110076.SH,SELL,117.5,440,-451.3476000000003
2025-12-22 09:30:00,110073.SH,BUY,111.37,580,0.0
2025-12-22 09:30:00,110076.SH,BUY,117.5,440,0.0
2025-12-29 09:30:00,110073.SH,SELL,111.582,580,-6.352160000001845
2025-12-29 09:30:00,110076.SH,SELL,118.96,440,538.3575999999999
2025-12-29 09:30:00,110073.SH,BUY,111.582,580,0.0
2025-12-29 09:30:00,110076.SH,BUY,118.96,440,0.0
2026-01-07 09:30:00,110073.SH,SELL,113.551,580,1011.4428600000133
2026-01-07 09:30:00,110076.SH,SELL,121.7,440,1099.7096000000079
2026-01-07 09:30:00,110073.SH,BUY,113.551,580,0.0
2026-01-07 09:30:00,110076.SH,BUY,121.7,430,0.0
2026-01-14 09:30:00,110073.SH,SELL,114.487,580,410.61796000000527
2026-01-14 09:30:00,110076.SH,SELL,120.423,430,-653.2228899999972
2026-01-14 09:30:00,110073.SH,BUY,114.487,570,0.0
2026-01-14 09:30:00,110076.SH,BUY,120.423,430,0.0
2026-01-21 09:30:00,110073.SH,SELL,112.1,570,-1489.7445899999893
2026-01-21 09:30:00,110076.SH,SELL,121.177,430,220.3320000000059
2026-01-21 09:30:00,110073.SH,BUY,112.1,580,0.0
2026-01-21 09:30:00,110076.SH,BUY,121.177,430,0.0
2026-01-28 09:30:00,110073.SH,SELL,111.213,580,-643.9815399999947
2026-01-28 09:30:00,110076.SH,SELL,119.189,430,-958.1973800000036
2026-01-28 09:30:00,110073.SH,BUY,111.213,580,0.0
2026-01-28 09:30:00,110076.SH,BUY,119.189,430,0.0
2026-02-04 09:30:00,110073.SH,SELL,110.51,580,-536.3393399999918
2026-02-04 09:30:00,110076.SH,SELL,119.333,430,-40.64445999999293
2026-02-04 09:30:00,110067.SH,BUY,119.609,540,0.0
2026-02-04 09:30:00,110073.SH,BUY,110.51,470,0.0
2026-02-11 09:30:00,110067.SH,SELL,114.5,540,-2885.2788599999913
2026-02-11 09:30:00,110073.SH,SELL,110.854,470,57.638919999999985
2026-02-11 09:30:00,110067.SH,BUY,114.5,560,0.0
2026-02-11 09:30:00,110073.SH,BUY,110.854,460,0.0
2026-02-26 09:30:00,110067.SH,SELL,112.199,560,-1415.511439999999
2026-02-26 09:30:00,110073.SH,SELL,110.956,460,-55.11259999999396
2026-02-26 09:30:00,110067.SH,BUY,112.199,570,0.0
2026-02-26 09:30:00,110073.SH,BUY,110.956,460,0.0
2026-03-05 09:30:00,110067.SH,SELL,107.3,570,-2917.5444299999917
2026-03-05 09:30:00,110073.SH,SELL,109.186,460,-915.4653199999896
2026-03-05 09:30:00,110067.SH,BUY,107.3,590,0.0
2026-03-05 09:30:00,110073.SH,BUY,109.186,460,0.0
2026-03-12 09:30:00,110073.SH,SELL,108.781,460,-286.5648199999947
2026-03-12 09:30:00,110070.SH,BUY,116.498,430,0.0
2026-03-19 09:30:00,110070.SH,SELL,118.499,430,759.381289999999
2026-03-19 09:30:00,110070.SH,BUY,118.499,430,0.0
2026-03-26 09:30:00,110070.SH,SELL,113.9,430,-2077.50156999999
2026-03-26 09:30:00,110070.SH,BUY,113.9,440,0.0
2026-04-02 09:30:00,110070.SH,SELL,112.14,440,-873.8575999999949
2026-04-02 09:30:00,110070.SH,BUY,112.14,440,0.0
