stk_code,stk_name,pub_date,title,pdf_url,effective_date,prev_conv_price,new_conv_price
000060,中金岭南,20250619,关于中金转债转股价格调整的公告,http://static.cninfo.com.cn/finalpage/2025-06-20/1223933550.PDF,20250620,,4.38
000157,中联重科,20260623,H股公告：可转股债券的转股价格调整,http://static.cninfo.com.cn/finalpage/2026-06-24/1225383844.PDF,20260704,,
000401,冀东水泥,20250619,关于可转债转股价格调整的公告,http://static.cninfo.com.cn/finalpage/2025-06-20/1223934473.PDF,20250620,15.28,15.28
000401,金隅冀东,20260521,关于可转债转股价格调整的公告,http://static.cninfo.com.cn/finalpage/2026-05-22/1225322622.PDF,20260522,15.28,15.28
000401,金隅冀东,20260717,关于可转债转股价格调整的公告,http://static.cninfo.com.cn/finalpage/2026-07-18/1225430708.PDF,20260718,15.28,15.28
000411,英特集团,20250527,关于英特转债转股价格调整的公告,http://static.cninfo.com.cn/finalpage/2025-05-28/1223695341.PDF,20250528,,9.3
000528,柳    工,20250618,关于柳工转2转股价格调整的公告,http://static.cninfo.com.cn/finalpage/2025-06-19/1223911363.PDF,20250619,,7.3
000528,柳    工,20260526,关于柳工转2转股价格调整的公告,http://static.cninfo.com.cn/finalpage/2026-05-27/1225330992.PDF,20260527,,6.98
000552,甘肃能化,20250703,关于能化转债转股价格调整的公告,http://static.cninfo.com.cn/finalpage/2025-07-04/1224071380.PDF,20250704,3.0,2.93
000703,恒逸石化,20250612,关于“恒逸转债”转股价格调整的公告,http://static.cninfo.com.cn/finalpage/2025-06-13/1223860676.PDF,20250613,9.2,9.2
000703,恒逸石化,20250612,关于“恒逸转2”转股价格调整的公告,http://static.cninfo.com.cn/finalpage/2025-06-13/1223859804.PDF,20250613,10.41,10.41
000703,恒逸石化,20250710,关于“恒逸转债”转股价格调整的公告,http://static.cninfo.com.cn/finalpage/2025-07-11/1224131704.PDF,20250711,9.15,9.15
000703,恒逸石化,20250710,关于“恒逸转2”转股价格调整的公告,http://static.cninfo.com.cn/finalpage/2025-07-11/1224131169.PDF,20250711,10.36,10.36
000703,恒逸石化,20260607,关于“恒逸转2”转股价格调整的公告,http://static.cninfo.com.cn/finalpage/2026-06-08/1225355631.PDF,20260608,10.37,10.37
000708,中信特钢,20260706,关于董事会提议向下修正中特转债转股价格的公告,http://static.cninfo.com.cn/finalpage/2026-07-07/1225411360.PDF,20260706,,25.0
000708,中信特钢,20260722,关于向下修正中特转债转股价格的公告,http://static.cninfo.com.cn/finalpage/2026-07-23/1225437755.PDF,20260723,,21.78
000723,美锦能源,20260630,关于董事会提议向下修正美锦转债转股价格的公告,http://static.cninfo.com.cn/finalpage/2026-07-01/1225400173.PDF,20260630,,13.21
000723,美锦能源,20260716,关于向下修正美锦转债转股价格的公告,http://static.cninfo.com.cn/finalpage/2026-07-17/1225428696.PDF,20260716,,5.26
000726,鲁  泰Ａ,20250612,关于可转债转股价格调整的公告,http://static.cninfo.com.cn/finalpage/2025-06-13/1223860747.PDF,20250613,,8.59
000726,鲁  泰Ａ,20251015,关于可转债转股价格调整的公告,http://static.cninfo.com.cn/finalpage/2025-10-16/1224713728.PDF,20251016,,8.49
000823,超声电子,20260429,超声电子关于可转换公司债券转股价格调整的公告,http://static.cninfo.com.cn/finalpage/2026-04-30/1225258836.PDF,20260430,,12.22
000876,新 希 望,20250704,关于可转债转股价格调整的公告,http://static.cninfo.com.cn/finalpage/2025-07-05/1224085652.PDF,20250705,,10.6
000876,新 希 望,20250717,关于可转债转股价格调整的公告,http://static.cninfo.com.cn/finalpage/2025-07-18/1224203219.PDF,20250718,,10.61
000902,新洋丰,20260520,关于可转债转股价格调整的公告,http://static.cninfo.com.cn/finalpage/2026-05-21/1225320417.PDF,20260521,,16.89
001212,中旗新材,20250522,关于中旗转债转股价格调整的公告,http://static.cninfo.com.cn/finalpage/2025-05-23/1223633869.PDF,20250523,,14.76
001301,尚太科技,20260623,关于可转换公司债券转股价格调整的公告,http://static.cninfo.com.cn/finalpage/2026-06-24/1225383535.PDF,20260624,84.71,84.71
001301,尚太科技,20260626,关于可转换公司债券转股价格调整的公告,http://static.cninfo.com.cn/finalpage/2026-06-27/1225392378.PDF,20260627,84.72,84.72
002036,联创电子,20250907,关于联创转债转股价格调整的公告,http://static.cninfo.com.cn/finalpage/2025-09-08/1224642784.PDF,20250908,11.17,11.18
002049,紫光国微,20250618,关于“国微转债”转股价格调整的公告,http://static.cninfo.com.cn/finalpage/2025-06-19/1223911508.PDF,20250619,,97.51
002049,紫光国微,20260622,关于“国微转债”转股价格调整的公告,http://static.cninfo.com.cn/finalpage/2026-06-23/1225381403.PDF,20260623,,97.3
002049,紫光国微,20260723,关于国微转债转股价格调整的公告,http://static.cninfo.com.cn/finalpage/2026-07-24/1225439810.PDF,20260724,96.99,96.99
002091,江苏国泰,20250611,关于可转债转股价格调整的公告,http://static.cninfo.com.cn/finalpage/2025-06-12/1223848230.PDF,20250612,,8.12
002091,江苏国泰,20251110,关于可转债转股价格调整的公告,http://static.cninfo.com.cn/finalpage/2025-11-11/1224796466.PDF,20251111,,7.82
002091,江苏国泰,20260529,关于可转债转股价格调整的公告,http://static.cninfo.com.cn/finalpage/2026-05-30/1225338579.PDF,20260530,,7.65
002120,韵达股份,20250604,关于可转换公司债券转股价格调整的公告,http://static.cninfo.com.cn/finalpage/2025-06-05/1223766934.PDF,20250605,11.93,11.73
002120,韵达股份,20260610,关于可转换公司债券转股价格调整的公告,http://static.cninfo.com.cn/finalpage/2026-06-11/1225363809.PDF,20260611,11.73,11.53
002135,东南网架,20260527,关于“东南转债”转股价格调整的公告,http://static.cninfo.com.cn/finalpage/2026-05-28/1225333570.PDF,20260528,,5.6
002203,海亮股份,20250626,关于海亮转债转股价格调整的公告,http://static.cninfo.com.cn/finalpage/2025-06-27/1223998361.PDF,20250627,,9.37
002225,濮耐股份,20250703,关于可转换公司债券转股价格调整的公告,http://static.cninfo.com.cn/finalpage/2025-07-04/1224071810.PDF,20250704,,4.25
002228,合兴包装,20250722,关于可转换公司债券转股价格调整的公告,http://static.cninfo.com.cn/finalpage/2025-07-23/1224256577.PDF,20250723,,3.27
002381,双箭股份,20260527,关于可转换公司债券转股价格调整的公告,http://static.cninfo.com.cn/finalpage/2026-05-28/1225333432.PDF,20260528,,7.06
002382,蓝帆医疗,20260224,关于董事会提议向下修正蓝帆转债转股价格的公告,http://static.cninfo.com.cn/finalpage/2026-02-25/1224983013.PDF,20260225,,17.79
002382,蓝帆医疗,20260316,关于向下修正蓝帆转债转股价格的公告,http://static.cninfo.com.cn/finalpage/2026-03-17/1225012438.PDF,20260316,,8.5
002398,垒知集团,20250606,关于垒知转债转股价格调整的公告,http://static.cninfo.com.cn/finalpage/2025-06-07/1223802865.PDF,20250607,,7.67
002398,垒知集团,20260602,关于垒知转债转股价格调整的公告,http://static.cninfo.com.cn/finalpage/2026-06-03/1225347131.PDF,20260603,,7.59
002398,垒知集团,20260707,关于垒知转债转股价格调整的公告,http://static.cninfo.com.cn/finalpage/2026-07-08/1225413984.PDF,20260708,,7.51
002430,杭氧股份,20250720,关于可转债转股价格调整的公告,http://static.cninfo.com.cn/finalpage/2025-07-21/1224216323.PDF,20250721,,25.98
002430,杭氧股份,20251016,关于可转债转股价格调整的公告,http://static.cninfo.com.cn/finalpage/2025-10-17/1224716111.PDF,20251017,,26.07
002430,杭氧股份,20260601,关于可转债转股价格调整的公告,http://static.cninfo.com.cn/finalpage/2026-06-02/1225342415.PDF,20260602,,25.97
002436,兴森科技,20250520,关于兴森转债转股价格调整的公告,http://static.cninfo.com.cn/finalpage/2025-05-21/1223608519.PDF,20250521,13.38,13.35
002452,长高电新,20260521,关于“长高转债”转股价格调整的公告,http://static.cninfo.com.cn/finalpage/2026-05-22/1225322433.PDF,20260522,11.01,11.01
002459,晶澳科技,20260610,关于董事会提议向下修正“晶澳转债”转股价格的公告,http://static.cninfo.com.cn/finalpage/2026-06-11/1225363807.PDF,20260611,,11.66
002459,晶澳科技,20260626,关于向下修正“晶澳转债”转股价格的公告,http://static.cninfo.com.cn/finalpage/2026-06-27/1225393032.PDF,20260627,,11.66
002475,立讯精密,20250701,关于“立讯转债“转股价格调整的公告,http://static.cninfo.com.cn/finalpage/2025-07-02/1224058909.PDF,20250702,56.47,56.45
002475,立讯精密,20250707,关于“立讯转债“转股价格调整的公告,http://static.cninfo.com.cn/finalpage/2025-07-08/1224091514.PDF,20250714,56.45,56.25
002475,立讯精密,20251009,关于“立讯转债”转股价格调整的公告,http://static.cninfo.com.cn/finalpage/2025-10-10/1224703690.PDF,20251010,56.25,56.14
002475,立讯精密,20260105,关于“立讯转债“转股价格调整的公告,http://static.cninfo.com.cn/finalpage/2026-01-06/1224920483.PDF,20260106,56.14,56.13
002475,立讯精密,20260205,关于“立讯转债“转股价格调整的公告,http://static.cninfo.com.cn/finalpage/2026-02-06/1224969418.PDF,20260212,56.13,55.97
002475,立讯精密,20260701,关于“立讯转债“转股价格调整的公告,http://static.cninfo.com.cn/finalpage/2026-07-02/1225403964.PDF,20260702,55.97,55.86
002475,立讯精密,20260709,关于“立讯转债“转股价格调整的公告,http://static.cninfo.com.cn/finalpage/2026-07-10/1225417912.PDF,20260709,55.86,55.81
002475,立讯精密,20260710,关于“立讯转债“转股价格调整的公告,http://static.cninfo.com.cn/finalpage/2026-07-11/1225419585.PDF,20260720,55.81,55.67
002534,西子洁能,20250521,关于可转债转股价格调整的公告,http://static.cninfo.com.cn/finalpage/2025-05-22/1223628730.PDF,20250522,,11.2
002541,鸿路钢构,20250613,关于鸿路转债转股价格调整的公告,http://static.cninfo.com.cn/finalpage/2025-06-14/1223879141.PDF,20250614,,32.44
002541,鸿路钢构,20260203,关于董事会提议向下修正鸿路转债转股价格的公告,http://static.cninfo.com.cn/finalpage/2026-02-04/1224964067.PDF,20260204,,32.08
002541,鸿路钢构,20260225,关于向下修正鸿路转债转股价格的公告,http://static.cninfo.com.cn/finalpage/2026-02-26/1224984628.PDF,20260226,,32.08
002541,鸿路钢构,20260611,关于董事会提议向下修正鸿路转债转股价格的公告,http://static.cninfo.com.cn/finalpage/2026-06-12/1225364503.PDF,20260612,,21.99
002541,鸿路钢构,20260629,关于向下修正鸿路转债转股价格的公告,http://static.cninfo.com.cn/finalpage/2026-06-30/1225397161.PDF,20260630,,21.99
002541,鸿路钢构,20260701,关于鸿路转债转股价格调整的公告,http://static.cninfo.com.cn/finalpage/2026-07-02/1225404150.PDF,20260702,,17.77
002557,洽洽食品,20250612,洽洽食品股份有限公司关于可转债转股价格调整的公告,http://static.cninfo.com.cn/finalpage/2025-06-13/1223859509.PDF,20250613,56.91,56.91
002557,洽洽食品,20260604,洽洽食品股份有限公司关于可转债转股价格调整的公告,http://static.cninfo.com.cn/finalpage/2026-06-05/1225352537.PDF,20260605,55.93,55.93
002568,百润股份,20250909,关于可转换公司债券转股价格调整的公告,http://static.cninfo.com.cn/finalpage/2025-09-10/1224648576.PDF,20250910,46.66,46.68
002568,百润股份,20260212,关于董事会提议向下修正百润转债转股价格的公告,http://static.cninfo.com.cn/finalpage/2026-02-13/1224978759.PDF,20260213,,46.68
002568,百润股份,20260303,关于向下修正百润转债转股价格的公告,http://static.cninfo.com.cn/finalpage/2026-03-04/1224994816.PDF,20260304,,46.68
002568,百润股份,20260318,关于可转换公司债券转股价格调整的公告,http://static.cninfo.com.cn/finalpage/2026-03-19/1225016443.PDF,20260319,20.68,20.63
002598,山东章鼓,20250718,关于“章鼓转债”转股价格调整的公告,http://static.cninfo.com.cn/finalpage/2025-07-19/1224216034.PDF,20250719,10.25,10.15
002598,ST章鼓,20260427,关于董事会提议向下修正章鼓转债转股价格的公告,http://static.cninfo.com.cn/finalpage/2026-04-28/1225203213.PDF,20260428,,10.35
002598,ST章鼓,20260520,关于向下修正“章鼓转债”转股价格的公告,http://static.cninfo.com.cn/finalpage/2026-05-21/1225320827.PDF,20260520,,10.15
002598,ST章鼓,20260702,关于“章鼓转债”转股价格调整的公告,http://static.cninfo.com.cn/finalpage/2026-07-03/1225405747.PDF,20260703,8.4,8.3
002605,姚记科技,20250526,关于可转债转股价格调整的公告,http://static.cninfo.com.cn/finalpage/2025-05-27/1223682908.PDF,20250527,,20.6
002605,姚记科技,20260107,关于可转债转股价格调整的公告,http://static.cninfo.com.cn/finalpage/2026-01-08/1224922758.PDF,20260108,,20.08
002605,姚记科技,20260603,关于可转债转股价格调整的公告,http://static.cninfo.com.cn/finalpage/2026-06-04/1225349951.PDF,20260604,,20.06
002614,奥佳华,20250522,关于可转换公司债券转股价格调整的公告,http://static.cninfo.com.cn/finalpage/2025-05-23/1223634895.PDF,20250523,9.45,9.35
002616,长青集团,20250917,关于长集转债转股价格调整的公告,http://static.cninfo.com.cn/finalpage/2025-09-18/1224666768.PDF,20250918,,5.15
002626,金达威,20260603,关于可转换公司债券转股价格调整的公告,http://static.cninfo.com.cn/finalpage/2026-06-04/1225349123.PDF,20260604,,19.59
002698,博实股份,20250611,关于博实转债转股价格调整的公告,http://static.cninfo.com.cn/finalpage/2025-06-12/1223847090.PDF,20250612,,15.31
002698,博实股份,20260629,关于博实转债转股价格调整的公告,http://static.cninfo.com.cn/finalpage/2026-06-30/1225394691.PDF,20260630,,15.06
002726,龙大美食,20260211,关于向下修正“龙大转债”转股价格的公告,http://static.cninfo.com.cn/finalpage/2026-02-12/1224977471.PDF,20260211,,9.3
002726,ST龙大,20260506,关于董事会提议向下修正“龙大转债”转股价格的公告,http://static.cninfo.com.cn/finalpage/2026-05-07/1225280233.PDF,20260507,,4.2
002726,ST龙大,20260605,关于董事会提议向下修正“龙大转债”转股价格的公告,http://static.cninfo.com.cn/finalpage/2026-06-06/1225355872.PDF,20260606,,4.2
002726,ST龙大,20260624,关于向下修正“龙大转债”转股价格的公告,http://static.cninfo.com.cn/finalpage/2026-06-25/1225386489.PDF,20260712,,4.2
002734,利民股份,20250521,公司关于可转换公司债券转股价格调整的公告,http://static.cninfo.com.cn/finalpage/2025-05-22/1223628677.PDF,20250522,8.35,8.1
002753,永东股份,20250609,关于可转换公司债券转股价格调整的公告,http://static.cninfo.com.cn/finalpage/2025-06-10/1223826779.PDF,20250616,,8.49
002753,永东股份,20251221,关于“永东转2“转股价格调整的公告,http://static.cninfo.com.cn/finalpage/2025-12-22/1224887758.PDF,20251222,,8.34
002753,永东股份,20260529,关于可转换公司债券转股价格调整的公告,http://static.cninfo.com.cn/finalpage/2026-05-30/1225340016.PDF,20260605,,8.16
002761,浙江建投,20250710,浙江省建设投资集团股份有限公司关于可转债转股价格调整的公告,http://static.cninfo.com.cn/finalpage/2025-07-11/1224131595.PDF,20250711,,10.96
002761,浙江建投,20260123,浙江省建设投资集团股份有限公司关于可转债转股价格调整的公告,http://static.cninfo.com.cn/finalpage/2026-01-24/1224948346.PDF,20260124,,10.91
002761,浙江建投,20260710,浙江省建设投资集团股份有限公司关于可转债转股价格调整的公告,http://static.cninfo.com.cn/finalpage/2026-07-11/1225420032.PDF,20260711,,10.22
002775,文科股份,20260426,关于董事会提议向下修正文科转债转股价格的公告,http://static.cninfo.com.cn/finalpage/2026-04-27/1225190172.PDF,20260427,,3.98
002775,文科股份,20260518,关于向下修正文科转债转股价格的公告,http://static.cninfo.com.cn/finalpage/2026-05-19/1225314770.PDF,20260519,,4.42
002809,红墙股份,20250611,关于红墙转债转股价格调整的公告,http://static.cninfo.com.cn/finalpage/2025-06-12/1223847885.PDF,20250612,,10.44
002810,山东赫达,20250910,关于可转债转股价格调整的公告,http://static.cninfo.com.cn/finalpage/2025-09-11/1224649877.PDF,20250911,,16.75
002810,山东赫达,20251208,关于回购注销完成可转债转股价格调整的公告,http://static.cninfo.com.cn/finalpage/2025-12-09/1224859387.PDF,20251209,,16.76
002810,山东赫达,20260707,关于可转债转股价格调整的公告,http://static.cninfo.com.cn/finalpage/2026-07-08/1225413987.PDF,20260708,,16.56
002810,山东赫达,20260727,关于回购注销完成可转债转股价格调整的公告,http://static.cninfo.com.cn/finalpage/2026-07-28/1225443617.PDF,20260728,,16.61
002833,弘亚数控,20250606,关于可转换公司债券转股价格调整的公告,http://static.cninfo.com.cn/finalpage/2025-06-07/1223803068.PDF,20250607,,17.7
002833,弘亚数控,20251013,关于可转换公司债券转股价格调整的公告,http://static.cninfo.com.cn/finalpage/2025-10-14/1224708482.PDF,20251014,,17.3
002833,弘亚数控,20260519,关于可转换公司债券转股价格调整的公告,http://static.cninfo.com.cn/finalpage/2026-05-20/1225316665.PDF,20260520,,17.0
002891,中宠股份,20250526,关于中宠转2转股价格调整的公告,http://static.cninfo.com.cn/finalpage/2025-05-27/1223684462.PDF,20250527,,27.66
002891,中宠股份,20250807,关于中宠转2转股价格调整的公告,http://static.cninfo.com.cn/finalpage/2025-08-08/1224426207.PDF,20250808,,27.46
002918,蒙娜丽莎,20250618,关于可转换公司债券转股价格调整的公告,http://static.cninfo.com.cn/finalpage/2025-06-19/1223910247.PDF,20250619,,19.8
002918,蒙娜丽莎,20250912,关于可转换公司债券转股价格调整的公告,http://static.cninfo.com.cn/finalpage/2025-09-13/1224656183.PDF,20250913,19.8,19.8
002918,蒙娜丽莎,20260610,关于可转换公司债券转股价格调整的公告,http://static.cninfo.com.cn/finalpage/2026-06-11/1225363148.PDF,20260611,,19.76
002930,宏川智慧,20250617,关于“宏川转债”转股价格调整的公告,http://static.cninfo.com.cn/finalpage/2025-06-18/1223900800.PDF,20250618,,18.76
002930,宏川智慧,20260206,关于向下修正“宏川转债”转股价格的公告,http://static.cninfo.com.cn/finalpage/2026-02-07/1224971681.PDF,20260207,,19.92
002937,兴瑞科技,20250522,关于可转换公司债券转股价格调整的公告,http://static.cninfo.com.cn/finalpage/2025-05-23/1223633823.PDF,20250523,,25.9
002937,兴瑞科技,20250922,关于可转换公司债券转股价格调整的公告,http://static.cninfo.com.cn/finalpage/2025-09-23/1224675560.PDF,20250923,25.6,25.6
002937,兴瑞科技,20260519,关于可转换公司债券转股价格调整的公告,http://static.cninfo.com.cn/finalpage/2026-05-20/1225317987.PDF,20260520,25.5,25.5
002941,新疆交建,20250617,关于交建转债转股价格调整的公告,http://static.cninfo.com.cn/finalpage/2025-06-18/1223900917.pdf,20250618,,10.15
002946,新乳业,20250619,关于新乳转债转股价格调整的公告,http://static.cninfo.com.cn/finalpage/2025-06-20/1223934298.PDF,20250620,,18.2
002946,新乳业,20260107,关于新乳转债转股价格调整的公告,http://static.cninfo.com.cn/finalpage/2026-01-08/1224923197.PDF,20260108,,17.95
002946,新乳业,20260601,关于新乳转债转股价格调整的公告,http://static.cninfo.com.cn/finalpage/2026-06-02/1225343726.PDF,20260602,,17.88
002949,华阳国际,20250520,关于“华阳转债”转股价格调整的公告,http://static.cninfo.com.cn/finalpage/2025-05-21/1223606848.PDF,20250521,,18.39
002949,华阳国际,20260520,关于华阳转债转股价格调整的公告,http://static.cninfo.com.cn/finalpage/2026-05-21/1225321692.PDF,20260521,,14.39
002959,小熊电器,20260424,关于董事会提议向下修正小熊转债转股价格的公告,http://static.cninfo.com.cn/finalpage/2026-04-25/1225194015.PDF,20260425,54.44,54.41
002959,小熊电器,20260511,关于向下修正小熊转债转股价格的公告,http://static.cninfo.com.cn/finalpage/2026-05-12/1225292834.PDF,20260511,54.44,54.41
002969,嘉美包装,20250921,关于嘉美转债转股价格调整的公告,http://static.cninfo.com.cn/finalpage/2025-09-22/1224670735.PDF,20250922,4.57,4.55
002973,侨银股份,20260303,关于董事会提议向下修正侨银转债转股价格的公告,http://static.cninfo.com.cn/finalpage/2026-03-04/1224994243.PDF,20260303,,15.215
002973,侨银股份,20260319,关于向下修正侨银转债转股价格的公告,http://static.cninfo.com.cn/finalpage/2026-03-20/1225019704.PDF,20260320,,17.9
002973,侨银股份,20260701,关于董事会提议向下修正侨银转债转股价格的公告,http://static.cninfo.com.cn/finalpage/2026-07-02/1225403643.PDF,20260701,,12.444
002973,侨银股份,20260719,关于向下修正侨银转债转股价格的公告,http://static.cninfo.com.cn/finalpage/2026-07-20/1225430662.PDF,20260720,,14.54
002982,湘佳股份,20260706,关于董事会提议向下修正湘佳转债转股价格的公告,http://static.cninfo.com.cn/finalpage/2026-07-07/1225410716.PDF,20260707,,42.56
002982,湘佳股份,20260723,关于向下修正湘佳转债转股价格的公告,http://static.cninfo.com.cn/finalpage/2026-07-24/1225439542.PDF,20260723,,21.03
002984,森麒麟,20260529,关于董事会提议向下修正可转换公司债券转股价格的公告,http://static.cninfo.com.cn/finalpage/2026-05-30/1225337842.PDF,20260529,,34.85
002984,森麒麟,20260615,关于向下修正可转换公司债券转股价格的公告,http://static.cninfo.com.cn/finalpage/2026-06-16/1225371788.PDF,20260616,,19.36
002996,顺博合金,20250521,关于可转换公司债券转股价格调整的公告,http://static.cninfo.com.cn/finalpage/2025-05-22/1223628735.PDF,20250522,,11.32
002996,顺博合金,20260527,关于可转换公司债券转股价格调整的公告,http://static.cninfo.com.cn/finalpage/2026-05-28/1225332865.PDF,20260528,,11.27
002996,顺博合金,20260622,关于董事会提议向下修正顺博转债转股价格的公告,http://static.cninfo.com.cn/finalpage/2026-06-23/1225380177.PDF,20260622,,20.43
002996,顺博合金,20260708,关于向下修正顺博转债转股价格的公告,http://static.cninfo.com.cn/finalpage/2026-07-09/1225415707.PDF,20260709,,11.16
002998,优彩资源,20250611,关于可转换公司债券转股价格调整的公告,http://static.cninfo.com.cn/finalpage/2025-06-12/1223848607.PDF,20250612,,7.0
002998,优彩资源,20250925,关于可转换公司债券转股价格调整的公告,http://static.cninfo.com.cn/finalpage/2025-09-26/1224682971.PDF,20250926,,6.6
002998,优彩资源,20260511,关于可转换公司债券转股价格调整的公告,http://static.cninfo.com.cn/finalpage/2026-05-12/1225292463.PDF,20260512,,6.48
002998,优彩资源,20260723,关于可转换公司债券转股价格调整的公告,http://static.cninfo.com.cn/finalpage/2026-07-24/1225439764.PDF,20260724,,6.31
003009,中天火箭,20250618,陕西中天火箭技术股份有限公司关于天箭转债转股价格调整的公告,http://static.cninfo.com.cn/finalpage/2025-06-19/1223911504.PDF,20250619,,52.94
003009,中天火箭,20251024,陕西中天火箭技术股份有限公司关于天箭转债转股价格调整的公告,http://static.cninfo.com.cn/finalpage/2025-10-25/1224737246.PDF,20251025,,52.9
300003,乐普医疗,20250613,关于可转债乐普转2转股价格调整的公告,http://static.cninfo.com.cn/finalpage/2025-06-13/1223877930.PDF,20250614,,27.92
300003,乐普医疗,20250915,关于可转债乐普转2转股价格调整的公告,http://static.cninfo.com.cn/finalpage/2025-09-16/1224661734.PDF,20250916,,27.79
300003,乐普医疗,20251031,关于可转债乐普转2转股价格调整的公告,http://static.cninfo.com.cn/finalpage/2025-10-31/1224781645.PDF,20251101,,27.63
300014,亿纬锂能,20250909,关于可转换公司债券转股价格调整的公告,http://static.cninfo.com.cn/finalpage/2025-09-09/1224646787.PDF,20250910,,50.89
300037,新宙邦,20260420,关于可转债转股价格调整的公告,http://static.cninfo.com.cn/finalpage/2026-04-21/1225129689.PDF,20260421,,41.05
300037,新宙邦,20260514,关于可转债转股价格调整的公告,http://static.cninfo.com.cn/finalpage/2026-05-14/1225307202.PDF,20260515,,40.55
300040,九洲集团,20250623,关于可转换公司债券转股价格调整的公告,http://static.cninfo.com.cn/finalpage/2025-06-24/1223957124.PDF,20250624,,5.5
300112,万讯自控,20250721,关于可转换公司债券转股价格调整的公告,http://static.cninfo.com.cn/finalpage/2025-07-21/1224237754.PDF,20250722,,8.28
300112,万讯自控,20260608,关于可转换公司债券转股价格调整的公告,http://static.cninfo.com.cn/finalpage/2026-06-08/1225357884.PDF,20260609,,8.3
300112,万讯自控,20260623,关于董事会提议向下修正万讯转债转股价格的公告,http://static.cninfo.com.cn/finalpage/2026-06-24/1225383802.PDF,20260623,,9.13
300112,万讯自控,20260710,关于向下修正万讯转债转股价格的公告,http://static.cninfo.com.cn/finalpage/2026-07-10/1225420223.PDF,20260711,,8.32
300121,阳谷华泰,20250604,关于“阳谷转债”转股价格调整的公告,http://static.cninfo.com.cn/finalpage/2025-06-05/1223766120.PDF,20250605,,9.46
300121,阳谷华泰,20250903,关于“阳谷转债”转股价格调整的公告,http://static.cninfo.com.cn/finalpage/2025-09-04/1224636106.PDF,20250904,,9.39
300121,阳谷华泰,20260508,关于“阳谷转债”转股价格调整的公告,http://static.cninfo.com.cn/finalpage/2026-05-09/1225285713.PDF,20260509,,9.28
300151,昌红科技,20250520,关于可转换公司债券转股价格调整的公告,http://static.cninfo.com.cn/finalpage/2025-05-21/1223606978.PDF,20250521,,26.72
300151,昌红科技,20260507,关于可转换公司债券转股价格调整的公告,http://static.cninfo.com.cn/finalpage/2026-05-08/1225281833.PDF,20260508,,26.64
300196,长海股份,20250521,关于可转换公司债券转股价格调整的公告,http://static.cninfo.com.cn/finalpage/2025-05-22/1223626374.PDF,20250522,,15.64
300196,长海股份,20250918,关于可转换公司债券转股价格调整的公告,http://static.cninfo.com.cn/finalpage/2025-09-19/1224669155.PDF,20250919,,15.44
300196,长海股份,20260507,关于可转换公司债券转股价格调整的公告,http://static.cninfo.com.cn/finalpage/2026-05-08/1225281668.PDF,20260508,,15.34
300231,银信科技,20260520,关于可转债转股价格调整的公告,http://static.cninfo.com.cn/finalpage/2026-05-20/1225321524.PDF,20260521,,9.0
300239,东宝生物,20250609,关于“东宝转债”转股价格调整的公告,http://static.cninfo.com.cn/finalpage/2025-06-10/1223825522.PDF,20250610,,6.63
300239,东宝生物,20260518,关于“东宝转债”转股价格调整的公告,http://static.cninfo.com.cn/finalpage/2026-05-19/1225312714.PDF,20260519,,6.62
300243,瑞丰高材,20250711,关于瑞丰转债转股价格调整的公告,http://static.cninfo.com.cn/finalpage/2025-07-11/1224145553.PDF,20250712,,11.64
300246,宝莱特,20260227,关于董事会提议向下修正宝莱转债转股价格的公告,http://static.cninfo.com.cn/finalpage/2026-02-28/1224988029.PDF,20260228,,40.54
300246,宝莱特,20260316,关于向下修正可转换公司债券转股价格的公告,http://static.cninfo.com.cn/finalpage/2026-03-16/1225011907.PDF,20260317,,23.97
300246,宝莱特,20260602,关于董事会提议向下修正宝莱转债转股价格的公告,http://static.cninfo.com.cn/finalpage/2026-06-03/1225346165.PDF,20260603,,40.54
300246,宝莱特,20260618,关于向下修正可转换公司债券转股价格的公告,http://static.cninfo.com.cn/finalpage/2026-06-18/1225378383.PDF,20260619,,23.8
300253,卫宁健康,20250527,关于卫宁转债转股价格调整的公告,http://static.cninfo.com.cn/finalpage/2025-05-27/1223695721.PDF,20250528,,17.45
300253,卫宁健康,20260311,关于董事会提议向下修正卫宁转债转股价格的公告,http://static.cninfo.com.cn/finalpage/2026-03-12/1225004750.PDF,20260312,,17.76
300253,卫宁健康,20260327,关于向下修正卫宁转债转股价格的公告,http://static.cninfo.com.cn/finalpage/2026-03-27/1225044130.PDF,20260328,,17.31
300253,卫宁健康,20260403,关于卫宁转债转股价格调整的公告,http://static.cninfo.com.cn/finalpage/2026-04-03/1225080415.PDF,20260404,,9.43
300253,卫宁健康,20260622,关于董事会提议向下修正卫宁转债转股价格的公告,http://static.cninfo.com.cn/finalpage/2026-06-23/1225380438.PDF,20260623,,17.76
300253,卫宁健康,20260708,关于向下修正卫宁转债转股价格的公告,http://static.cninfo.com.cn/finalpage/2026-07-08/1225415892.PDF,20260709,,9.44
300265,通光线缆,20250626,关于可转换公司债券转股价格调整的公告,http://static.cninfo.com.cn/finalpage/2025-06-26/1223997109.PDF,20250627,,7.92
300272,开能健康,20250522,关于可转换公司债券转股价格调整的公告,http://static.cninfo.com.cn/finalpage/2025-05-23/1223633495.PDF,20250523,5.4,5.67
300298,三诺生物,20250606,关于可转换公司债券转股价格调整的公告,http://static.cninfo.com.cn/finalpage/2025-06-07/1223802637.PDF,20250607,,34.61
300332,天壕能源,20260604,关于天壕转债转股价格调整的公告,http://static.cninfo.com.cn/finalpage/2026-06-04/1225352520.PDF,20260605,,4.98
300337,银邦股份,20250707,关于可转换公司债券转股价格调整的公告,http://static.cninfo.com.cn/finalpage/2025-07-08/1224089800.PDF,20250708,,12.52
300337,银邦股份,20260702,关于可转换公司债券转股价格调整的公告,http://static.cninfo.com.cn/finalpage/2026-07-02/1225405335.PDF,20260703,,12.51
300351,永贵电器,20250527,关于可转换公司债券转股价格调整的公告,http://static.cninfo.com.cn/finalpage/2025-05-28/1223696212.PDF,20250528,,18.29
300351,永贵电器,20260515,关于可转换公司债券转股价格调整的公告,http://static.cninfo.com.cn/finalpage/2026-05-16/1225310697.PDF,20260516,,18.23
300401,花园生物,20260519,关于可转换公司债券转股价格调整的公告,http://static.cninfo.com.cn/finalpage/2026-05-20/1225316077.PDF,20260520,,13.34
300406,九强生物,20250722,关于九强转债转股价格调整的公告,http://static.cninfo.com.cn/finalpage/2025-07-22/1224256504.PDF,20250722,,16.95
300406,九强生物,20250828,关于九强转债转股价格调整的公告,http://static.cninfo.com.cn/finalpage/2025-08-29/1224602689.PDF,20250905,,16.98
300406,九强生物,20251119,关于九强转债转股价格调整的公告,http://static.cninfo.com.cn/finalpage/2025-11-20/1224814463.PDF,20251127,,16.68
300406,九强生物,20260409,关于董事会提议向下修正“九强转债”转股价格的公告,http://static.cninfo.com.cn/finalpage/2026-04-10/1225087023.PDF,20260409,,14.01
300406,九强生物,20260427,关于向下修正“九强转债”转股价格的公告,http://static.cninfo.com.cn/finalpage/2026-04-27/1225214031.PDF,20260428,,16.48
300406,九强生物,20260521,关于九强转债转股价格调整的公告,http://static.cninfo.com.cn/finalpage/2026-05-21/1225324235.PDF,20260529,,12.3
300428,立中集团,20250613,关于立中转债转股价格调整的公告,http://static.cninfo.com.cn/finalpage/2025-06-14/1223878469.PDF,20250614,,19.0
300428,立中集团,20251112,关于立中转债转股价格调整的公告,http://static.cninfo.com.cn/finalpage/2025-11-13/1224802053.PDF,20251113,,18.65
300454,深信服,20250605,深信服科技股份有限公司关于信服转债转股价格调整的公告,http://static.cninfo.com.cn/finalpage/2025-06-05/1223788236.PDF,20250606,110.97,110.91
300454,深信服,20251125,深信服科技股份有限公司关于信服转债转股价格调整的公告,http://static.cninfo.com.cn/finalpage/2025-11-25/1224824853.PDF,20251126,110.91,110.93
300480,光力科技,20250526,光力科技股份有限公司关于可转换公司债券转股价格调整的公告,http://static.cninfo.com.cn/finalpage/2025-05-26/1223683803.PDF,20250527,,21.15
300487,蓝晓科技,20250701,关于 蓝晓转02 转股价格调整的公告,http://static.cninfo.com.cn/finalpage/2025-07-02/1224058523.PDF,20250702,61.19,61.39
300487,蓝晓科技,20251015,关于“蓝晓转02” 转股价格调整的公告,http://static.cninfo.com.cn/finalpage/2025-10-16/1224714741.PDF,20251016,61.19,61.39
300487,蓝晓科技,20260127,关于 “蓝晓转02”转股价格调整的公告,http://static.cninfo.com.cn/finalpage/2026-01-27/1224952274.PDF,20260128,61.19,61.39
300487,蓝晓科技,20260626,关于 “蓝晓转02” 转股价格调整的公告,http://static.cninfo.com.cn/finalpage/2026-06-26/1225392924.PDF,20260627,,
300488,恒锋工具,20250619,关于可转换公司债券转股价格调整的公告,http://static.cninfo.com.cn/finalpage/2025-06-20/1223935220.PDF,20250620,,
300498,温氏股份,20251027,关于可转换公司债券转股价格调整的公告,http://static.cninfo.com.cn/finalpage/2025-10-27/1224745035.PDF,20251028,,
300498,温氏股份,20260616,关于可转换公司债券转股价格调整的公告,http://static.cninfo.com.cn/finalpage/2026-06-16/1225373939.PDF,20260617,,
300517,海波重科,20260521,关于海波转债转股价格调整的公告,http://static.cninfo.com.cn/finalpage/2026-05-21/1225324237.PDF,20260522,,
300545,联得装备,20250527,关于可转换公司债券转股价格调整的公告,http://static.cninfo.com.cn/finalpage/2025-05-27/1223695337.PDF,20250528,,
300545,联得装备,20250722,关于可转换公司债券转股价格调整的公告,http://static.cninfo.com.cn/finalpage/2025-07-22/1224256597.PDF,20250723,,
300563,神宇股份,20260521,关于可转换公司债券转股价格调整的公告,http://static.cninfo.com.cn/finalpage/2026-05-21/1225324239.PDF,20260522,,
300567,精测电子,20260525,武汉精测电子集团股份有限公司关于精测转2转股价格调整的公告,http://static.cninfo.com.cn/finalpage/2026-05-25/1225329756.PDF,20260526,,
300569,天能重工,20250926,关于天能转债转股价格调整的公告,http://static.cninfo.com.cn/finalpage/2025-09-27/1224684686.PDF,20250927,,
300569,天能重工,20260522,关于天能转债转股价格调整的公告,http://static.cninfo.com.cn/finalpage/2026-05-23/1225326464.PDF,20260523,,
300577,开润股份,20250526,关于可转换公司债券转股价格调整的公告,http://static.cninfo.com.cn/finalpage/2025-05-26/1223684845.PDF,20250527,,
300577,开润股份,20251010,关于可转换公司债券转股价格调整的公告,http://static.cninfo.com.cn/finalpage/2025-10-10/1224706594.PDF,20251011,,
300601,康泰生物,20250527,关于可转债转股价格调整的公告,http://static.cninfo.com.cn/finalpage/2025-05-28/1223696411.PDF,20250528,,
300601,康泰生物,20260603,关于可转债转股价格调整的公告,http://static.cninfo.com.cn/finalpage/2026-06-04/1225348833.PDF,20260604,,
300605,恒锋信息,20260623,关于董事会提议向下修正“恒锋转债”转股价格的公告,http://static.cninfo.com.cn/finalpage/2026-06-24/1225384327.PDF,20260624,,
300605,恒锋信息,20260709,关于向下修正“恒锋转债”转股价格的公告,http://static.cninfo.com.cn/finalpage/2026-07-09/1225417654.PDF,20260710,,
300613,富瀚微,20250612,关于富瀚转债转股价格调整的公告,http://static.cninfo.com.cn/finalpage/2025-06-13/1223860495.PDF,20250613,,
300613,富瀚微,20260526,关于富瀚转债转股价格调整的公告,http://static.cninfo.com.cn/finalpage/2026-05-26/1225330668.PDF,20260527,,
300622,博士眼镜,20260522,关于可转换公司债券转股价格调整的公告,http://static.cninfo.com.cn/finalpage/2026-05-22/1225326510.PDF,20260523,,
300645,正元智慧,20250520,关于可转换公司债券转股价格调整的公告,http://static.cninfo.com.cn/finalpage/2025-05-20/1223610965.PDF,20250521,,
300645,正元智慧,20260525,关于可转换公司债券转股价格调整的公告,http://static.cninfo.com.cn/finalpage/2026-05-26/1225329081.PDF,20260526,,
300655,晶瑞电材,20250527,关于晶瑞转债、晶瑞转2转股价格调整的公告,http://static.cninfo.com.cn/finalpage/2025-05-27/1223695286.PDF,20250528,,
300655,晶瑞电材,20251013,关于 晶瑞转2 转股价格调整的公告,http://static.cninfo.com.cn/finalpage/2025-10-13/1224709383.PDF,20251014,,
300655,晶瑞电材,20260529,关于 晶瑞转2 转股价格调整的公告,http://static.cninfo.com.cn/finalpage/2026-05-29/1225339313.PDF,20260530,,
300663,科蓝软件,20260414,关于董事会提议向下修正科蓝转债转股价格的公告,http://static.cninfo.com.cn/finalpage/2026-04-15/1225102546.PDF,20260415,,
300663,科蓝软件,20260430,关于向下修正科蓝转债转股价格的公告,http://static.cninfo.com.cn/finalpage/2026-04-30/1225274327.PDF,20260501,,
300663,科蓝软件,20260526,关于董事会提议向下修正科蓝转债转股价格的公告,http://static.cninfo.com.cn/finalpage/2026-05-27/1225331334.PDF,20260527,,
300663,科蓝软件,20260612,关于向下修正科蓝转债转股价格的公告,http://static.cninfo.com.cn/finalpage/2026-06-13/1225369128.PDF,20260613,,
300665,飞鹿股份,20250804,关于可转换公司债券转股价格调整的公告,http://static.cninfo.com.cn/finalpage/2025-08-04/1224387746.PDF,20250805,,
300673,佩蒂股份,20260624,关于董事会提出佩蒂转债转股价格向下修正方案的公告,http://static.cninfo.com.cn/finalpage/2026-06-25/1225384979.PDF,20260625,,
300673,佩蒂股份,20260710,关于向下修正佩蒂转债转股价格的公告,http://static.cninfo.com.cn/finalpage/2026-07-10/1225418882.PDF,20260711,,
300681,英搏尔,20250605,关于可转换公司债券转股价格调整的公告,http://static.cninfo.com.cn/finalpage/2025-06-05/1223788232.PDF,20250606,,
300681,英搏尔,20251030,关于可转换公司债券转股价格调整的公告,http://static.cninfo.com.cn/finalpage/2025-10-30/1224774144.PDF,20251031,,
300705,九典制药,20250611,关于九典转02转股价格调整的公告,http://static.cninfo.com.cn/finalpage/2025-06-11/1223846997.PDF,20250612,,
300705,九典制药,20260521,关于九典转02转股价格调整的公告,http://static.cninfo.com.cn/finalpage/2026-05-21/1225324357.PDF,20260522,,
300729,乐歌股份,20250625,关于可转换公司债券转股价格调整的公告,http://static.cninfo.com.cn/finalpage/2025-06-25/1223982590.PDF,20250626,,
300729,乐歌股份,20260521,关于可转换公司债券转股价格调整的公告,http://static.cninfo.com.cn/finalpage/2026-05-21/1225324168.PDF,20260522,,
300737,科顺股份,20250526,关于科顺转债转股价格调整的公告,http://static.cninfo.com.cn/finalpage/2025-05-26/1223683924.PDF,20250527,,
300737,科顺股份,20250916,关于科顺转债转股价格调整的公告,http://static.cninfo.com.cn/finalpage/2025-09-17/1224664964.PDF,20250917,,
300737,科顺股份,20260518,关于科顺转债转股价格调整的公告,http://static.cninfo.com.cn/finalpage/2026-05-19/1225313108.PDF,20260519,,
300738,奥飞数据,20250701,关于可转换公司债券转股价格调整的公告,http://static.cninfo.com.cn/finalpage/2025-07-01/1224058549.PDF,20250702,,
300738,奥飞数据,20260625,关于可转换公司债券转股价格调整的公告,http://static.cninfo.com.cn/finalpage/2026-06-25/1225388770.PDF,20260626,,
300739,明阳电路,20251021,关于“明电转02”转股价格调整的公告,http://static.cninfo.com.cn/finalpage/2025-10-22/1224724019.PDF,20251022,,
300775,三角防务,20250711,关于三角转债转股价格调整的公告,http://static.cninfo.com.cn/finalpage/2025-07-11/1224146871.PDF,20250712,,
300775,三角防务,20250714,关于三角转债转股价格调整的公告,http://static.cninfo.com.cn/finalpage/2025-07-14/1224164560.PDF,20250715,,
300775,三角防务,20260609,关于三角转债转股价格调整的公告,http://static.cninfo.com.cn/finalpage/2026-06-09/1225360906.PDF,20260610,,
300775,三角防务,20260615,关于董事会提议向下修正三角转债转股价格的公告,http://static.cninfo.com.cn/finalpage/2026-06-16/1225370690.PDF,20260616,,
300775,三角防务,20260701,关于向下修正三角转债转股价格的公告,http://static.cninfo.com.cn/finalpage/2026-07-01/1225403515.PDF,20260702,,
300787,海能实业,20250521,关于“海能转债”转股价格调整的公告,http://static.cninfo.com.cn/finalpage/2025-05-21/1223626503.PDF,20250522,,
300787,海能实业,20260518,关于海能转债转股价格调整的公告,http://static.cninfo.com.cn/finalpage/2026-05-18/1225314989.PDF,20260519,,
300793,佳禾智能,20250526,关于可转换公司债券转股价格调整的公告,http://static.cninfo.com.cn/finalpage/2025-05-26/1223683110.PDF,20250527,,
300830,金现代,20250529,关于金现转债转股价格调整的公告,http://static.cninfo.com.cn/finalpage/2025-05-29/1223719141.PDF,20250530,,
300837,浙矿股份,20260526,浙矿重工股份有限公司关于可转换公司债券转股价格调整的公告,http://static.cninfo.com.cn/finalpage/2026-05-26/1225331363.PDF,20260527,,
300843,胜蓝股份,20250912,关于胜蓝转02转股价格调整的公告,http://static.cninfo.com.cn/finalpage/2025-09-12/1224658049.PDF,20250913,,
300852,四会富仕,20250828,关于富仕转债转股价格调整的公告,http://static.cninfo.com.cn/finalpage/2025-08-28/1224608660.PDF,20250829,,
300866,安克创新,20250730,关于可转换公司债券转股价格调整的公告,http://static.cninfo.com.cn/finalpage/2025-07-31/1224342760.PDF,20250731,,
300866,安克创新,20250805,关于可转换公司债券转股价格调整的公告,http://static.cninfo.com.cn/finalpage/2025-08-06/1224401823.PDF,20250806,,
300866,安克创新,20250904,关于可转换公司债券转股价格调整的公告,http://static.cninfo.com.cn/finalpage/2025-09-04/1224638894.PDF,20250905,,
300866,安克创新,20260514,关于可转换公司债券转股价格调整的公告,http://static.cninfo.com.cn/finalpage/2026-05-15/1225306042.PDF,20260515,,
300866,安克创新,20260519,关于可转换公司债券转股价格调整的公告,http://static.cninfo.com.cn/finalpage/2026-05-20/1225316089.PDF,20260520,,
300869,康泰医学,20250523,关于康医转债转股价格调整的公告,http://static.cninfo.com.cn/finalpage/2025-05-23/1223646741.PDF,20250524,,
300891,惠云钛业,20250521,关于惠云转债转股价格调整的公告,http://static.cninfo.com.cn/finalpage/2025-05-22/1223626444.PDF,20250522,,
300893,松原安全,20250529,关于可转债转股价格调整的公告,http://static.cninfo.com.cn/finalpage/2025-05-30/1223719746.PDF,20250530,,
300894,火星人,20260721,关于董事会提议向下修正火星转债转股价格的公告,http://static.cninfo.com.cn/finalpage/2026-07-22/1225435106.PDF,20260722,,
300900,广联航空,20250523,关于可转债转股价格调整的公告,http://static.cninfo.com.cn/finalpage/2025-05-23/1223648054.PDF,20250524,,
300911,亿田智能,20250526,关于亿田转债转股价格调整的公告,http://static.cninfo.com.cn/finalpage/2025-05-26/1223684461.PDF,20250527,,
300933,中辰股份,20250709,关于可转换公司债券转股价格调整的公告,http://static.cninfo.com.cn/finalpage/2025-07-09/1224119072.PDF,20250710,,
300967,晓鸣股份,20260713,关于董事会提议向下修正晓鸣转债转股价格的公告,http://static.cninfo.com.cn/finalpage/2026-07-13/1225421046.PDF,20260714,,
300973,立高食品,20250618,关于可转换公司债券转股价格调整的公告,http://static.cninfo.com.cn/finalpage/2025-06-18/1223910648.PDF,20250619,,
300973,立高食品,20251124,关于可转换公司债券转股价格调整的公告,http://static.cninfo.com.cn/finalpage/2025-11-24/1224822312.PDF,20251125,,
300973,立高食品,20260618,关于可转换公司债券转股价格调整的公告,http://static.cninfo.com.cn/finalpage/2026-06-18/1225377597.PDF,20260619,,
300992,泰福泵业,20250619,关于泰福转债转股价格调整的公告,http://static.cninfo.com.cn/finalpage/2025-06-19/1223934205.PDF,20250620,,
300992,泰福泵业,20260702,关于泰福转债转股价格调整的公告,http://static.cninfo.com.cn/finalpage/2026-07-02/1225406684.PDF,20260703,,
301004,嘉益股份,20251013,关于嘉益转债转股价格调整的公告,http://static.cninfo.com.cn/finalpage/2025-10-13/1224708951.PDF,20251014,,
301022,海泰科,20250613,关于海泰转债转股价格调整的公告,http://static.cninfo.com.cn/finalpage/2025-06-13/1223878598.PDF,20250614,,
301053,远信工业,20250528,关于远信转债转股价格调整的公告,http://static.cninfo.com.cn/finalpage/2025-05-28/1223713256.PDF,20250529,,
301081,严牌股份,20250529,关于可转换公司债券转股价格调整的公告,http://static.cninfo.com.cn/finalpage/2025-05-29/1223720544.PDF,20250530,,
301081,严牌股份,20260601,关于可转换公司债券转股价格调整的公告,http://static.cninfo.com.cn/finalpage/2026-06-01/1225343895.PDF,20260602,,
301188,力诺药包,20250522,关于可转债转股价格调整的公告,http://static.cninfo.com.cn/finalpage/2025-05-22/1223633891.PDF,20250523,,
301216,万凯新材,20250522,关于万凯转债转股价格调整的公告,http://static.cninfo.com.cn/finalpage/2025-05-23/1223633512.PDF,20250523,,
301216,万凯新材,20260703,关于万凯转债转股价格调整的公告,http://static.cninfo.com.cn/finalpage/2026-07-04/1225409503.PDF,20260704,,
301266,宇邦新材,20250522,关于“宇邦转债”转股价格调整的公告,http://static.cninfo.com.cn/finalpage/2025-05-22/1223633597.PDF,20250523,,
301266,宇邦新材,20260514,关于“宇邦转债”转股价格调整的公告,http://static.cninfo.com.cn/finalpage/2026-05-15/1225306972.PDF,20260515,,
301268,铭利达,20260709,关于铭利转债转股价格调整的公告,http://static.cninfo.com.cn/finalpage/2026-07-09/1225417545.PDF,20260710,,
301297,富乐德,20250728,2025-045：关于可转换公司债券转股价格调整的公告,http://static.cninfo.com.cn/finalpage/2025-07-28/1224318598.PDF,20250729,,
301297,富乐德,20260107,关于可转换公司债券转股价格调整的公告,http://static.cninfo.com.cn/finalpage/2026-01-07/1224923476.PDF,20260108,,
301398,星源卓镁,20260623,关于卓镁转债转股价格调整的公告,http://static.cninfo.com.cn/finalpage/2026-06-23/1225382826.PDF,20260624,,
301611,珂玛科技,20260527,关于可转换公司债券转股价格调整的公告,http://static.cninfo.com.cn/finalpage/2026-05-27/1225332904.PDF,20260528,,
600075,新疆天业,20250612,新疆天业股份有限公司关于因2024年度权益分派时“天业转债”停止转股和转股价格调整的公告,http://static.cninfo.com.cn/finalpage/2025-06-13/1223859531.PDF,20250613,,
600461,洪城环境,20250626,江西洪城环境股份有限公司关于“洪城转债”转股价格调整暨转股复牌的公告,http://static.cninfo.com.cn/finalpage/2025-06-27/1223997870.PDF,20250627,,
600461,洪城环境,20260625,江西洪城环境股份有限公司关于“洪城转债”转股价格调整暨转股复牌的公告,http://static.cninfo.com.cn/finalpage/2026-06-26/1225387366.PDF,20260626,,
600482,中国动力,20250605,中国船舶重工集团动力股份有限公司关于可转债转股价格调整暨转股复牌的公告,http://static.cninfo.com.cn/finalpage/2025-06-06/1223788846.PDF,20250606,,
600482,中国动力,20251118,中国动力关于可转债转股价格调整暨转股复牌的公告,http://static.cninfo.com.cn/finalpage/2025-11-19/1224812600.PDF,20251119,,
600496,精工钢构,20250616,精工钢构关于“精工转债”转股价格调整的公告,http://static.cninfo.com.cn/finalpage/2025-06-17/1223888188.PDF,20250617,,
600496,精工钢构,20260608,精工钢构关于“精工转债”转股价格调整的公告,http://static.cninfo.com.cn/finalpage/2026-06-09/1225358218.PDF,20260609,,
600498,烽火通信,20250821,烽火通信科技股份有限公司关于“烽火转债”转股价格调整暨转股停牌的公告,http://static.cninfo.com.cn/finalpage/2025-08-22/1224535036.PDF,20250822,,
600521,华海药业,20260417,浙江华海药业股份有限公司关于董事会提议向下修正“华海转债”转股价格的公告,http://static.cninfo.com.cn/finalpage/2026-04-18/1225119039.PDF,20260418,,
600521,华海药业,20260521,浙江华海药业股份有限公司关于向下修正“华海转债”转股价格暨转股停复牌的公告,http://static.cninfo.com.cn/finalpage/2026-05-22/1225323529.PDF,20260522,,
600745,闻泰科技,20260302,关于董事会提议向下修正“闻泰转债”转股价格的公告,http://static.cninfo.com.cn/finalpage/2026-03-03/1224992183.PDF,20260303,,
600745,闻泰科技,20260408,关于向下修正“闻泰转债”转股价格暨转股停复牌的公告,http://static.cninfo.com.cn/finalpage/2026-04-09/1225085075.PDF,20260409,,
600745,*ST闻泰,20260526,关于董事会提议向下修正“闻泰转债”转股价格的公告,http://static.cninfo.com.cn/finalpage/2026-05-27/1225330710.PDF,20260527,,
600745,*ST闻泰,20260616,关于向下修正“闻泰转债”转股价格暨转股停复牌的公告,http://static.cninfo.com.cn/finalpage/2026-06-17/1225374276.PDF,20260617,,
600810,神马股份,20250708, 神马股份关于可转换公司债券转股价格调整的公告,http://static.cninfo.com.cn/finalpage/2025-07-09/1224104190.PDF,20250709,,
600933,爱柯迪,20251013,关于“爱迪转债”转股价格调整的公告,http://static.cninfo.com.cn/finalpage/2025-10-14/1224708922.PDF,20251014,,
601016,节能风电,20250611,中节能风力发电股份有限公司关于权益分派引起“节能转债”转股价格调整暨转股复牌的公告,http://static.cninfo.com.cn/finalpage/2025-06-12/1223847018.PDF,20250612,,
601016,节能风电,20251016,中节能风力发电股份有限公司关于权益分派引起“节能转债”转股价格调整暨转股复牌的公告,http://static.cninfo.com.cn/finalpage/2025-10-17/1224716259.PDF,20251017,,
601231,环旭电子,20250829,关于“环旭转债”转股价格调整暨转股停牌的公告,http://static.cninfo.com.cn/finalpage/2025-08-30/1224620477.PDF,20250830,,
601231,环旭电子,20251113,关于“环旭转债”转股价格调整暨转股停牌的公告,http://static.cninfo.com.cn/finalpage/2025-11-14/1224803981.PDF,20251114,,
601330,绿色动力,20250722,关于“绿动转债”转股价格调整的公告,http://static.cninfo.com.cn/finalpage/2025-07-23/1224255761.PDF,20250723,,
601330,绿色动力,20251102,关于“绿动转债”转股价格调整的公告,http://static.cninfo.com.cn/finalpage/2025-11-03/1224781885.PDF,20251103,,
601330,绿色动力,20251224,关于“绿动转债”转股价格调整暨转股停复牌的公告,http://static.cninfo.com.cn/finalpage/2025-12-25/1224896273.PDF,20251225,,
601330,绿色动力,20260630,关于“绿动转债”转股价格调整的公告,http://static.cninfo.com.cn/finalpage/2026-07-01/1225400052.PDF,20260701,,
601619,嘉泽新能,20250521,嘉泽新能源股份有限公司关于“嘉泽转债”转股价格调整的公告,http://static.cninfo.com.cn/finalpage/2025-05-22/1223627348.PDF,20250522,,
601619,嘉泽新能,20250929,嘉泽新能源股份有限公司关于“嘉泽转债”转股价格调整的公告,http://static.cninfo.com.cn/finalpage/2025-09-30/1224691339.PDF,20250930,,
601619,嘉泽新能,20251203,嘉泽新能源股份有限公司关于“嘉泽转债”转股价格调整的公告,http://static.cninfo.com.cn/finalpage/2025-12-04/1224847485.PDF,20251204,,
601619,嘉泽新能,20260609,嘉泽新能源股份有限公司关于“嘉泽转债”转股价格调整的公告,http://static.cninfo.com.cn/finalpage/2026-06-10/1225361508.PDF,20260610,,
601633,长城汽车,20260603,长城汽车股份有限公司关于“长汽转债”转股价格调整暨转股停牌的公告,http://static.cninfo.com.cn/finalpage/2026-06-04/1225349138.PDF,20260604,,
601636,旗滨集团,20250618,旗滨集团关于旗滨转债转股价格调整的公告,http://static.cninfo.com.cn/finalpage/2025-06-19/1223911231.PDF,20250619,,
601666,平煤股份,20250528,平煤股份关于可转换公司债券转股价格调整的公告,http://static.cninfo.com.cn/finalpage/2025-05-29/1223713316.PDF,20250529,,
601666,平煤股份,20260623,平煤股份关于可转换公司债券转股价格调整的公告,http://static.cninfo.com.cn/finalpage/2026-06-24/1225383473.PDF,20260624,,
601778,晶科科技,20250626,关于“晶科转债”转股价格调整的公告,http://static.cninfo.com.cn/finalpage/2025-06-27/1223998710.PDF,20250627,,
601778,晶科科技,20260624,关于“晶科转债”转股价格调整的公告,http://static.cninfo.com.cn/finalpage/2026-06-25/1225386230.PDF,20260625,,
603097,江苏华辰,20260126,江苏华辰关于“华辰转债”转股价格调整暨转股停复牌的公告,http://static.cninfo.com.cn/finalpage/2026-01-27/1224949804.PDF,20260127,,
603113,金能科技,20250617,金能科技股份有限公司关于“金能转债”转股价格调整的公告,http://static.cninfo.com.cn/finalpage/2025-06-18/1223900441.PDF,20250618,,
603113,金能科技,20250909,金能科技股份有限公司关于“金能转债”转股价格调整的公告,http://static.cninfo.com.cn/finalpage/2025-09-10/1224647954.PDF,20250910,,
603131,上海沪工,20250603,关于权益分派实施引起的“沪工转债”转股价格调整的公告,http://static.cninfo.com.cn/finalpage/2025-06-04/1223749217.PDF,20250604,,
603165,荣晟环保,20251112,浙江荣晟环保纸业股份有限公司关于“荣23转债”转股价格调整暨转股停复牌的公告,http://static.cninfo.com.cn/finalpage/2025-11-13/1224801340.PDF,20251113,,
603176,汇通集团,20250919,汇通集团关于“汇通转债”转股价格调整暨转股停牌的公告,http://static.cninfo.com.cn/finalpage/2025-09-20/1224671517.PDF,20250920,,
603176,汇通集团,20260607,汇通集团关于实施2025年年度权益分派时“汇通转债”转股价格调整暨转股复牌的公告,http://static.cninfo.com.cn/finalpage/2026-06-08/1225356357.PDF,20260608,,
603197,保隆科技,20250603,保隆科技关于“保隆转债”转股价格调整暨转股复牌的公告,http://static.cninfo.com.cn/finalpage/2025-06-04/1223749773.PDF,20250604,,
603197,保隆科技,20251012,保隆科技关于“保隆转债”转股价格调整暨转股复牌的公告,http://static.cninfo.com.cn/finalpage/2025-10-13/1224707093.PDF,20251013,,
603197,保隆科技,20260609,保隆科技关于“保隆转债”转股价格调整暨转股复牌的公告,http://static.cninfo.com.cn/finalpage/2026-06-10/1225360468.PDF,20260610,,
603208,江山欧派,20250606,江山欧派关于2024年年度权益分派引起的“江山转债”转股价格调整的公告,http://static.cninfo.com.cn/finalpage/2025-06-07/1223803130.PDF,20250607,,
603225,新凤鸣,20250704,关于实施2024年度权益分派时“凤21转债”停止转股暨转股价格调整的公告,http://static.cninfo.com.cn/finalpage/2025-07-05/1224084917.PDF,20250705,,
603233,大参林,20250611,大参林医药集团股份有限公司关于“大参转债”转股价格调整的公告,http://static.cninfo.com.cn/finalpage/2025-06-12/1223847574.PDF,20250612,,
603233,大参林,20251029,大参林医药集团股份有限公司关于“大参转债”转股价格调整的公告,http://static.cninfo.com.cn/finalpage/2025-10-30/1224764221.PDF,20251030,,
603233,大参林,20260617,大参林医药集团股份有限公司关于“大参转债”转股价格调整的公告,http://static.cninfo.com.cn/finalpage/2026-06-18/1225376463.PDF,20260618,,
603306,华懋科技,20251009,华懋科技关于“华懋转债”转股价格调整暨转股停复牌的公告,http://static.cninfo.com.cn/finalpage/2025-10-10/1224702537.PDF,20251010,,
603486,科沃斯,20250704,关于“科沃转债”转股价格调整暨转股停牌的公告,http://static.cninfo.com.cn/finalpage/2025-07-05/1224084199.PDF,20250705,,
603486,科沃斯,20250827,关于“科沃转债”转股价格调整暨转股停牌的公告,http://static.cninfo.com.cn/finalpage/2025-08-28/1224590051.PDF,20250828,,
603486,科沃斯,20251010,关于“科沃转债”转股价格调整暨转股停牌的公告,http://static.cninfo.com.cn/finalpage/2025-10-11/1224705662.PDF,20251011,,
603486,科沃斯,20251230,关于“科沃转债”转股价格调整暨转股停牌的公告,http://static.cninfo.com.cn/finalpage/2025-12-31/1224909915.PDF,20251231,,
603486,科沃斯,20260622,关于“科沃转债”转股价格调整暨转股停牌的公告,http://static.cninfo.com.cn/finalpage/2026-06-23/1225380801.PDF,20260623,,
603501,豪威集团,20250725,关于可转换公司债券转股价格调整暨转股复牌的公告,http://static.cninfo.com.cn/finalpage/2025-07-26/1224299876.PDF,20250726,,
603501,豪威集团,20251117,关于可转换公司债券转股价格调整暨转股复牌的公告,http://static.cninfo.com.cn/finalpage/2025-11-18/1224810404.PDF,20251118,,
603501,豪威集团,20260112,关于可转换公司债券转股价格调整暨转股停牌的公告,http://static.cninfo.com.cn/finalpage/2026-01-13/1224929588.PDF,20260113,,
603501,豪威集团,20260211,关于可转换公司债券转股价格调整暨转股停牌的公告,http://static.cninfo.com.cn/finalpage/2026-02-12/1224977520.PDF,20260212,,
603501,豪威集团,20260528,关于可转换公司债券转股价格调整暨转股复牌的公告,http://static.cninfo.com.cn/finalpage/2026-05-29/1225336054.PDF,20260529,,
603538,美诺华,20250617,宁波美诺华药业股份有限公司关于权益分派引起的“美诺转债”转股价格调整的公告,http://static.cninfo.com.cn/finalpage/2025-06-18/1223900119.PDF,20250618,,
603538,美诺华,20260202,宁波美诺华药业股份有限公司关于向下修正“美诺转债”转股价格暨转股停复牌的公告,http://static.cninfo.com.cn/finalpage/2026-02-03/1224963245.PDF,20260203,,
603568,伟明环保,20260511,伟明环保关于董事会提议向下修正“伟22转债”转股价格的公告,http://static.cninfo.com.cn/finalpage/2026-05-12/1225291461.PDF,20260512,,
603568,伟明环保,20260604,伟明环保关于向下修正“伟22转债”转股价格暨转股停复牌的公告,http://static.cninfo.com.cn/finalpage/2026-06-05/1225352052.PDF,20260605,,
603585,苏利股份,20260626,苏利股份关于董事会提议向下修正“苏利转债”转股价格的公告,http://static.cninfo.com.cn/finalpage/2026-06-27/1225390770.PDF,20260627,,
603601,再升科技,20250603,再升科技关于因2024年度权益分派时“再22转债”停止转股和转股价格调整的公告,http://static.cninfo.com.cn/finalpage/2025-06-04/1223748644.PDF,20250604,,
603601,再升科技,20251020,再升科技关于2025年半年度权益分派时“再22转债”停止转股和转股价格调整的公告,http://static.cninfo.com.cn/finalpage/2025-10-21/1224720864.PDF,20251021,,
603605,珀莱雅,20250824,珀莱雅化妆品股份有限公司关于“珀莱转债”转股价格调整暨转股停牌的公告,http://static.cninfo.com.cn/finalpage/2025-08-25/1224562312.PDF,20250825,,
603681,永冠新材,20250923,上海永冠众诚新材料科技（集团）股份有限公司关于“永22转债”转股价格调整暨转股停复牌的公告,http://static.cninfo.com.cn/finalpage/2025-09-24/1224677916.PDF,20250924,,
603689,皖天然气,20251020,关于权益分派引起的可转换公司债券转股价格调整的公告,http://static.cninfo.com.cn/finalpage/2025-10-21/1224720947.PDF,20251021,,
603689,皖天然气,20260520,关于权益分派引起的可转换公司债券转股价格调整的公告,http://static.cninfo.com.cn/finalpage/2026-05-21/1225319183.PDF,20260521,,
603707,健友股份,20250528,健友股份关于“健友转债”转股价格调整的公告,http://static.cninfo.com.cn/finalpage/2025-05-29/1223712969.PDF,20250529,,
603708,家家悦,20250707,家家悦集团股份有限公司关于2024年度权益分派引起的“家悦转债”转股价格调整的公告,http://static.cninfo.com.cn/finalpage/2025-07-08/1224090889.PDF,20250708,,
603708,家家悦,20251013,家家悦集团股份有限公司关于2025年半年度权益分派引起的“家悦转债”转股价格调整的公告,http://static.cninfo.com.cn/finalpage/2025-10-14/1224709775.PDF,20251014,,
603757,大元泵业,20250609,浙江大元泵业股份有限公司关于2024年年度权益分派引起的“大元转债”转股价格调整公告,http://static.cninfo.com.cn/finalpage/2025-06-10/1223826382.PDF,20250610,,
603806,福斯特,20250616,关于“福22转债”转股价格调整的公告,http://static.cninfo.com.cn/finalpage/2025-06-17/1223887167.PDF,20250617,,
603806,福斯特,20260520,关于“福22转债”转股价格调整的公告,http://static.cninfo.com.cn/finalpage/2026-05-21/1225320630.PDF,20260521,,
603861,白云电器,20250627,白云电器关于“白电转债”转股价格调整的公告,http://static.cninfo.com.cn/finalpage/2025-06-28/1224016263.PDF,20250628,,
603896,寿仙谷,20250528,寿仙谷关于权益分派引起的“寿22转债”转股价格调整暨转股复牌的公告,http://static.cninfo.com.cn/finalpage/2025-05-29/1223712784.PDF,20250529,,
603916,苏博特,20250822,关于“博22转债”转股价格调整暨转股停牌的公告,http://static.cninfo.com.cn/finalpage/2025-08-23/1224556094.PDF,20250823,,
603916,苏博特,20260724,关于“博22转债”转股价格调整暨转股停牌的公告,http://static.cninfo.com.cn/finalpage/2026-07-25/1225440419.PDF,20260725,,
603976,正川股份,20260521,关于权益分派引起的“正川转债”转股价格调整的公告,http://static.cninfo.com.cn/finalpage/2026-05-22/1225323617.PDF,20260522,,
603979,金诚信,20250619,金诚信关于“金诚转债”因权益分派引起的转股价格调整公告,http://static.cninfo.com.cn/finalpage/2025-06-20/1223934516.PDF,20250620,,
603979,金诚信,20260701,金诚信关于可转换公司债券因权益分派引起的转股价格调整公告,http://static.cninfo.com.cn/finalpage/2026-07-02/1225403748.PDF,20260702,,
605088,冠盛股份,20250611,关于“冠盛转债”转股价格调整暨转股复牌的公告,http://static.cninfo.com.cn/finalpage/2025-06-12/1223848448.PDF,20250612,,
605162,新中港,20250605,关于“新港转债”转股价格调整的公告,http://static.cninfo.com.cn/finalpage/2025-06-06/1223787436.PDF,20250606,,
605166,聚合顺,20260727,聚合顺新材料股份有限公司关于董事会提议向下修正“聚合转债”转股价格的公告,http://static.cninfo.com.cn/finalpage/2026-07-28/1225442874.PDF,20260728,,
605222,起帆电缆,20250703,起帆电缆关于“起帆转债”转股价格调整的公告,http://static.cninfo.com.cn/finalpage/2025-07-04/1224071068.PDF,20250704,,
605222,起帆电缆,20260617,起帆电缆关于“起帆转债”转股价格调整的公告,http://static.cninfo.com.cn/finalpage/2026-06-18/1225375756.PDF,20260618,,
605228,神通科技,20251009,关于“神通转债”转股价格调整暨转股停牌的公告,http://static.cninfo.com.cn/finalpage/2025-10-10/1224702346.PDF,20251010,,
605368,蓝天燃气,20260709,蓝天燃气关于董事会提议向下修正“蓝天转债”转股价格的公告,http://static.cninfo.com.cn/finalpage/2026-07-10/1225416845.PDF,20260710,,
605368,蓝天燃气,20260727,关于向下修正“蓝天转债”转股价格暨转股停复牌的公告,http://static.cninfo.com.cn/finalpage/2026-07-28/1225442987.PDF,20260728,,
605589,圣泉集团,20260722,圣泉集团关于董事会提议向下修正“圣泉转债”转股价格的公告,http://static.cninfo.com.cn/finalpage/2026-07-23/1225436824.PDF,20260723,,
688001,华兴源创,20260129,华兴源创：关于“华兴转债”转股价格调整暨转股停牌的公告,http://static.cninfo.com.cn/finalpage/2026-01-30/1224955995.PDF,20260130,,
688059,华锐精密,20251125,关于“华锐转债”转股价格调整暨转股停牌的公告,http://static.cninfo.com.cn/finalpage/2025-11-26/1224825240.PDF,20251126,,
688066,航天宏图,20260302,关于董事会提议向下修正“宏图转债”转股价格的公告,http://static.cninfo.com.cn/finalpage/2026-03-03/1224990586.PDF,20260303,,
688066,航天宏图,20260318,关于向下修正“宏图转债”转股价格暨转股停牌的公告,http://static.cninfo.com.cn/finalpage/2026-03-19/1225016651.PDF,20260319,,
688066,*ST航图,20260603,关于董事会提议向下修正“宏图转债”转股价格的公告,http://static.cninfo.com.cn/finalpage/2026-06-04/1225348743.PDF,20260604,,
688066,*ST航图,20260623,关于向下修正“宏图转债”转股价格暨转股停牌的公告,http://static.cninfo.com.cn/finalpage/2026-06-24/1225384129.PDF,20260624,,
688116,天奈科技,20251014,天奈科技关于可转换公司债券“天奈转债”转股价格调整暨转股停复牌的公告,http://static.cninfo.com.cn/finalpage/2025-10-15/1224710795.PDF,20251015,,
688135,利扬芯片,20250707,关于“利扬转债”转股价格调整暨转股停复牌的公告,http://static.cninfo.com.cn/finalpage/2025-07-08/1224090615.PDF,20250708,,
688148,芳源股份,20260727,芳源股份关于董事会提议向下修正“芳源转债”转股价格的公告,http://static.cninfo.com.cn/finalpage/2026-07-28/1225442542.PDF,20260728,,
688239,航宇科技,20250526,航宇科技关于可转换公司债券转股价格调整暨转股复牌的公告,http://static.cninfo.com.cn/finalpage/2025-05-27/1223682736.PDF,20250527,,
688239,航宇科技,20260616,航宇科技关于可转换公司债券转股价格调整暨转股复牌的公告,http://static.cninfo.com.cn/finalpage/2026-06-17/1225373578.PDF,20260617,,
688268,华特气体,20250625,广东华特气体股份有限公司关于“华特转债”转股价格调整的公告,http://static.cninfo.com.cn/finalpage/2025-06-26/1223981969.PDF,20250626,,
688268,华特气体,20260121,广东华特气体股份有限公司关于“华特转债”转股价格调整暨转股停复牌的公告,http://static.cninfo.com.cn/finalpage/2026-01-22/1224944895.PDF,20260122,,
688301,奕瑞科技,20251014,奕瑞科技关于“奕瑞转债”转股价格调整暨转股停牌的公告,http://static.cninfo.com.cn/finalpage/2025-10-15/1224712410.PDF,20251015,,
688301,奕瑞科技,20251020,奕瑞科技关于“奕瑞转债”转股价格调整暨转股停牌的公告,http://static.cninfo.com.cn/finalpage/2025-10-21/1224721792.PDF,20251021,,
688301,奕瑞科技,20251218,奕瑞科技关于“奕瑞转债”转股价格调整暨转股停牌的公告,http://static.cninfo.com.cn/finalpage/2025-12-19/1224886265.PDF,20251219,,
688323,瑞华泰,20260316,瑞华泰关于董事会提议向下修正“瑞科转债”转股价格的公告,http://static.cninfo.com.cn/finalpage/2026-03-17/1225011362.PDF,20260317,,
688323,瑞华泰,20260410,瑞华泰关于向下修正“瑞科转债”转股价格暨转股停牌的公告,http://static.cninfo.com.cn/finalpage/2026-04-11/1225093752.PDF,20260411,,
688350,富淼科技,20251128,江苏富淼科技股份有限公司关于可转换公司债券“富淼转债”转股价格调整暨转股停复牌的公告,http://static.cninfo.com.cn/finalpage/2025-11-29/1224833086.PDF,20251129,,
688516,奥特维,20250525,无锡奥特维科技股份有限公司关于可转换公司债券“奥维转债”转股价格调整暨转股停复牌的公告,http://static.cninfo.com.cn/finalpage/2025-05-26/1223675651.PDF,20250526,,
688516,奥特维,20250822,无锡奥特维科技股份有限公司关于可转换公司债券“奥维转债”转股价格调整暨转股停复牌的公告,http://static.cninfo.com.cn/finalpage/2025-08-23/1224556323.PDF,20250823,,
688516,奥特维,20260204,无锡奥特维科技股份有限公司关于可转换公司债券“奥维转债”转股价格调整暨转股停复牌的公告,http://static.cninfo.com.cn/finalpage/2026-02-05/1224967373.PDF,20260205,,
688516,奥特维,20260630,无锡奥特维科技股份有限公司关于可转换公司债券“奥维转债”转股价格调整暨转股停复牌的公告,http://static.cninfo.com.cn/finalpage/2026-07-01/1225400484.PDF,20260701,,
688595,芯海科技,20250828,关于“芯海转债”转股价格调整暨转股停复牌的公告,http://static.cninfo.com.cn/finalpage/2025-08-29/1224613145.PDF,20250829,,
688596,正帆科技,20251203,关于“正帆转债”转股价格调整暨转股停牌的公告,http://static.cninfo.com.cn/finalpage/2025-12-04/1224847220.PDF,20251204,,
688596,正帆科技,20260717,关于“正帆转债”转股价格调整暨转股停牌的公告,http://static.cninfo.com.cn/finalpage/2026-07-18/1225429580.PDF,20260718,,
688633,星球石墨,20250623,关于“星球转债”转股价格调整暨转股停牌的公告,http://static.cninfo.com.cn/finalpage/2025-06-24/1223957119.PDF,20250624,,
688668,鼎通科技,20260721,关于董事会提议向下修正“鼎通转债”转股价格的公告,http://static.cninfo.com.cn/finalpage/2026-07-22/1225435157.PDF,20260722,,
