日期,开盘,收盘,最高,最低,成交量,成交额,振幅,涨跌幅,涨跌额,换手率
2024-01-02,10.938,10.94,10.962,10.927,914854,1000576591.0,0.32,0.05,0.005,1.97
2024-01-03,10.935,10.91,10.946,10.903,1047907,1143878899.0,0.39,-0.27,-0.03,2.26
2024-01-04,10.908,10.871,10.911,10.862,610775,664396231.0,0.45,-0.36,-0.039,1.31
2024-01-05,10.875,10.843,10.91,10.83,524078,569763595.0,0.74,-0.26,-0.028,1.13
2024-01-08,10.842,10.807,10.844,10.797,857339,927479120.0,0.43,-0.33,-0.036,1.85
2024-01-09,10.808,10.821,10.847,10.801,766581,829949748.0,0.43,0.13,0.014,1.65
2024-01-10,10.817,10.809,10.847,10.792,938433,1015752651.0,0.51,-0.11,-0.012,2.02
2024-01-11,10.81,10.854,10.872,10.808,1022287,1108287704.0,0.59,0.42,0.045,2.2
2024-01-12,10.849,10.863,10.907,10.849,950860,1035306281.0,0.53,0.08,0.009,2.05
2024-01-15,10.858,10.865,10.899,10.844,644935,701552787.0,0.51,0.02,0.002,1.39
2024-01-16,10.868,10.844,10.872,10.822,792516,859910316.0,0.46,-0.19,-0.021,1.71
2024-01-17,10.838,10.761,10.839,10.758,961192,1038306168.0,0.75,-0.77,-0.083,2.07
2024-01-18,10.761,10.738,10.761,10.659,934447,1000659701.0,0.95,-0.21,-0.023,2.01
2024-01-19,10.743,10.705,10.776,10.703,973217,1045134695.0,0.68,-0.31,-0.033,2.1
2024-01-22,10.701,10.58,10.706,10.548,758173,805397612.0,1.48,-1.17,-0.125,1.63
2024-01-23,10.575,10.618,10.671,10.552,971100,1031135253.0,1.12,0.36,0.038,2.09
2024-01-24,10.72,10.621,10.72,10.558,776169,822921652.0,1.53,0.03,0.003,1.67
2024-01-25,10.618,10.725,10.746,10.61,1186180,1268670051.0,1.28,0.98,0.104,2.55
2024-01-26,10.72,10.739,10.759,10.717,850162,913096183.0,0.39,0.13,0.014,1.83
2024-01-29,10.762,10.676,10.769,10.673,433933,464476525.0,0.89,-0.59,-0.063,0.93
2024-01-30,10.668,10.621,10.678,10.621,703914,749891966.0,0.53,-0.52,-0.055,1.52
2024-01-31,10.622,10.551,10.629,10.529,937014,988866473.0,0.94,-0.66,-0.07,2.02
2024-02-01,10.546,10.551,10.621,10.513,863095,913022471.0,1.02,0.0,0.0,1.86
2024-02-02,10.56,10.549,10.591,10.515,972886,1027465783.0,0.72,-0.02,-0.002,2.09
2024-02-05,10.535,10.487,10.543,10.424,1236920,1296733173.0,1.13,-0.59,-0.062,2.66
2024-02-06,10.48,10.643,10.687,10.45,1464496,1550643651.0,2.26,1.49,0.156,3.15
2024-02-07,10.648,10.648,10.724,10.64,1124537,1201094075.0,0.79,0.05,0.005,2.42
2024-02-08,10.668,10.715,10.744,10.668,666083,712423589.0,0.71,0.63,0.067,1.43
2024-02-19,10.733,10.717,10.756,10.685,777189,833479273.0,0.66,0.02,0.002,1.67
2024-02-20,10.712,10.776,10.78,10.688,855264,919035301.0,0.86,0.55,0.059,1.84
2024-02-21,10.766,10.814,10.876,10.76,1449757,1571134544.0,1.08,0.35,0.038,3.12
2024-02-22,10.814,10.82,10.857,10.805,1517444,1641939772.0,0.48,0.06,0.006,3.27
2024-02-23,10.828,10.85,10.867,10.816,1314125,1423861234.0,0.47,0.28,0.03,2.83
2024-02-26,10.868,10.829,10.869,10.815,1026155,1111979185.0,0.5,-0.19,-0.021,2.21
2024-02-27,10.824,10.878,10.882,10.82,1277769,1386645271.0,0.57,0.45,0.049,2.75
2024-02-28,10.882,10.779,10.9,10.775,1186796,1287384317.0,1.15,-0.91,-0.099,2.56
2024-02-29,10.774,10.828,10.837,10.773,985077,1065474357.0,0.59,0.45,0.049,2.12
2024-03-01,10.83,10.869,10.88,10.83,879597,955297161.0,0.46,0.38,0.041,1.89
2024-03-04,10.87,10.849,10.889,10.814,843451,914344395.0,0.69,-0.18,-0.02,1.82
2024-03-05,10.842,10.805,10.868,10.803,918345,995159211.0,0.6,-0.41,-0.044,1.98
2024-03-06,10.799,10.8,10.818,10.777,897234,968782959.0,0.38,-0.05,-0.005,1.93
2024-03-07,10.805,10.82,10.879,10.801,736698,798272906.0,0.72,0.19,0.02,1.59
2024-03-08,10.821,10.818,10.838,10.811,645684,698814272.0,0.25,-0.02,-0.002,1.39
2024-03-11,10.817,10.845,10.853,10.809,756198,818847649.0,0.41,0.25,0.027,1.63
2024-03-12,10.853,10.83,10.858,10.823,724763,785037222.0,0.32,-0.14,-0.015,1.56
2024-03-13,10.833,10.839,10.849,10.812,637286,690315308.0,0.34,0.08,0.009,1.37
2024-03-14,10.837,10.838,10.853,10.832,627190,680013039.0,0.19,-0.01,-0.001,1.35
2024-03-15,10.834,10.868,10.87,10.824,715850,775996951.0,0.42,0.28,0.03,1.54
2024-03-18,10.873,10.9,10.907,10.868,676667,736599347.0,0.36,0.29,0.032,1.46
2024-03-19,10.895,10.909,10.931,10.886,849044,926853613.0,0.41,0.08,0.009,1.83
2024-03-20,10.906,10.954,10.958,10.898,770926,842329980.0,0.55,0.41,0.045,1.66
2024-03-21,10.966,10.978,10.994,10.937,667776,732396658.0,0.52,0.22,0.024,1.44
2024-03-22,10.97,10.93,10.983,10.915,888928,971399199.0,0.62,-0.44,-0.048,1.91
2024-03-25,10.928,10.904,10.952,10.892,783228,855480645.0,0.55,-0.24,-0.026,1.69
2024-03-26,10.908,10.897,10.923,10.872,692898,755058320.0,0.47,-0.06,-0.007,1.49
2024-03-27,10.898,10.827,10.898,10.823,543612,590666298.0,0.69,-0.64,-0.07,1.17
2024-03-28,10.826,10.873,10.904,10.822,499410,543245100.0,0.76,0.42,0.046,1.08
2024-03-29,10.876,10.888,10.903,10.855,440726,479601404.0,0.44,0.14,0.015,0.95
2024-04-01,10.91,10.927,10.961,10.9,623363,682005098.0,0.56,0.36,0.039,1.34
2024-04-02,10.931,10.951,10.96,10.92,744321,814429300.0,0.37,0.22,0.024,1.6
2024-04-03,10.947,10.968,10.97,10.916,537563,588216491.0,0.49,0.16,0.017,1.16
2024-04-08,10.964,10.932,10.972,10.93,385754,422363109.0,0.38,-0.33,-0.036,0.83
2024-04-09,10.934,10.98,10.984,10.933,617066,676284208.0,0.47,0.44,0.048,1.33
2024-04-10,10.977,10.956,10.982,10.939,604552,662563435.0,0.39,-0.22,-0.024,1.3
2024-04-11,10.952,10.98,10.993,10.945,617401,677935933.0,0.44,0.22,0.024,1.33
2024-04-12,10.977,10.993,11.026,10.977,524041,576273810.0,0.45,0.12,0.013,1.13
2024-04-15,10.997,10.979,11.013,10.959,712999,783415013.0,0.49,-0.13,-0.014,1.54
2024-04-16,10.97,10.88,10.976,10.875,952847,1039559124.0,0.92,-0.9,-0.099,2.05
2024-04-17,10.891,10.992,11.003,10.891,738417,808811573.0,1.03,1.03,0.112,1.59
2024-04-18,10.993,10.996,11.027,10.968,600105,660709111.0,0.54,0.04,0.004,1.29
2024-04-19,10.988,10.981,11.021,10.937,443967,487454408.0,0.76,-0.14,-0.015,0.96
2024-04-22,10.983,10.951,10.999,10.941,606925,665852259.0,0.53,-0.27,-0.03,1.31
2024-04-23,10.961,10.961,10.976,10.938,563836,617464825.0,0.35,0.09,0.01,1.21
2024-04-24,10.967,10.995,10.997,10.959,589054,646934733.0,0.35,0.31,0.034,1.27
2024-04-25,10.986,11.0,11.01,10.97,667412,734053975.0,0.36,0.05,0.005,1.44
2024-04-26,10.999,11.067,11.072,10.998,719899,795289917.0,0.67,0.61,0.067,1.55
2024-04-29,11.067,11.104,11.129,11.067,875297,971915053.0,0.56,0.33,0.037,1.88
2024-04-30,11.103,11.133,11.145,11.103,587372,653711274.0,0.38,0.26,0.029,1.26
2024-05-06,11.172,11.229,11.233,11.172,922449,1033564087.0,0.55,0.86,0.096,1.99
2024-05-07,11.23,11.258,11.273,11.213,879591,989840022.0,0.53,0.26,0.029,1.89
2024-05-08,11.246,11.209,11.261,11.206,723472,812932040.0,0.49,-0.44,-0.049,1.56
2024-05-09,11.216,11.295,11.311,11.215,734141,828166854.0,0.86,0.77,0.086,1.58
2024-05-10,11.311,11.32,11.342,11.261,652282,737116265.0,0.72,0.22,0.025,1.4
2024-05-13,11.302,11.297,11.335,11.262,766519,867000330.0,0.64,-0.2,-0.023,1.65
2024-05-14,11.296,11.305,11.331,11.296,655960,742354557.0,0.31,0.07,0.008,1.41
2024-05-15,11.308,11.293,11.312,11.285,585229,661096551.0,0.24,-0.11,-0.012,1.26
2024-05-16,11.293,11.294,11.325,11.289,763599,863817467.0,0.32,0.01,0.001,1.64
2024-05-17,11.299,11.317,11.338,11.277,731922,827094303.0,0.54,0.2,0.023,1.58
2024-05-20,11.318,11.362,11.391,11.317,676653,769221797.0,0.65,0.4,0.045,1.46
2024-05-21,11.356,11.342,11.372,11.327,616917,699845205.0,0.4,-0.18,-0.02,1.33
2024-05-22,11.343,11.357,11.378,11.337,614375,697309895.0,0.36,0.13,0.015,1.32
2024-05-23,11.348,11.291,11.349,11.283,752138,850754646.0,0.58,-0.58,-0.066,1.62
2024-05-24,11.287,11.288,11.351,11.281,690001,780318669.0,0.62,-0.03,-0.003,1.49
2024-05-27,11.308,11.296,11.315,11.251,980335,1104986305.0,0.57,0.07,0.008,2.11
2024-05-28,11.303,11.306,11.324,11.281,746275,844036044.0,0.38,0.09,0.01,1.61
2024-05-29,11.303,11.298,11.342,11.28,689570,779984849.0,0.55,-0.07,-0.008,1.48
2024-05-30,11.296,11.294,11.327,11.287,685340,774692672.0,0.35,-0.04,-0.004,1.48
2024-05-31,11.312,11.293,11.334,11.29,731938,827762914.0,0.39,-0.01,-0.001,1.58
2024-06-03,11.298,11.201,11.303,11.159,1110602,1244493311.0,1.28,-0.81,-0.092,2.39
2024-06-04,11.195,11.226,11.246,11.179,1239456,1390628788.0,0.6,0.22,0.025,2.67
2024-06-05,11.223,11.197,11.233,11.196,1014843,1137970313.0,0.33,-0.26,-0.029,2.18
2024-06-06,11.219,11.17,11.222,11.152,1047377,1170780945.0,0.63,-0.24,-0.027,2.26
2024-06-07,11.198,11.169,11.221,11.135,1321028,1475181894.0,0.77,-0.01,-0.001,2.84
2024-06-11,11.166,11.18,11.183,11.122,1194580,1330942082.0,0.55,0.1,0.011,2.57
2024-06-12,11.175,11.211,11.213,11.17,875681,980845961.0,0.38,0.28,0.031,1.89
2024-06-13,11.221,11.183,11.221,11.178,1285121,1438290024.0,0.38,-0.25,-0.028,2.77
2024-06-14,11.173,11.193,11.202,11.148,1067237,1192780105.0,0.48,0.09,0.01,2.3
2024-06-17,11.179,11.156,11.209,11.154,973208,1087697726.0,0.49,-0.33,-0.037,2.1
2024-06-18,11.157,11.169,11.178,11.15,1058258,1181696471.0,0.25,0.12,0.013,2.28
2024-06-19,11.174,11.125,11.181,11.122,1050195,1170350463.0,0.53,-0.39,-0.044,2.26
2024-06-20,11.12,11.027,11.13,10.987,1716450,1894336333.0,1.29,-0.88,-0.098,3.7
2024-06-21,11.013,10.982,11.039,10.954,1603660,1762382668.0,0.77,-0.41,-0.045,3.45
2024-06-24,10.964,10.796,10.973,10.791,1817609,1975853658.0,1.66,-1.69,-0.186,3.91
2024-06-25,10.804,10.863,10.899,10.801,2330010,2529004128.0,0.91,0.62,0.067,5.02
2024-06-26,10.849,11.001,11.038,10.849,1665205,1825035134.0,1.74,1.27,0.138,3.59
2024-06-27,10.99,10.956,11.022,10.922,1834135,2012632910.0,0.91,-0.41,-0.045,3.95
2024-06-28,10.959,10.977,11.01,10.95,1527264,1679085612.0,0.55,0.19,0.021,3.29
2024-07-01,10.985,11.049,11.05,10.949,1906494,2095642719.0,0.92,0.66,0.072,4.1
2024-07-02,11.045,11.031,11.09,11.024,1366402,1509707780.0,0.6,-0.16,-0.018,2.94
2024-07-03,11.038,10.999,11.045,10.968,1506775,1655525776.0,0.7,-0.29,-0.032,3.24
2024-07-04,10.996,10.91,11.025,10.898,1009643,1104812294.0,1.15,-0.81,-0.089,2.17
2024-07-05,10.913,10.938,10.944,10.88,1533859,1674037511.0,0.59,0.26,0.028,3.3
2024-07-08,10.93,10.845,10.931,10.839,1259391,1368144023.0,0.84,-0.85,-0.093,2.71
2024-07-09,10.843,10.911,10.922,10.82,1919770,2088397713.0,0.94,0.61,0.066,4.13
2024-07-10,10.898,10.895,10.952,10.88,1233402,1345727002.0,0.66,-0.15,-0.016,2.66
2024-07-11,10.959,10.948,10.964,10.908,1654789,1809960126.0,0.51,0.49,0.053,3.56
2024-07-12,10.947,10.926,10.964,10.915,1205629,1317715696.0,0.45,-0.2,-0.022,2.6
2024-07-15,10.92,10.869,10.923,10.864,1180982,1284962180.0,0.54,-0.52,-0.057,2.54
2024-07-16,10.865,10.861,10.885,10.83,1207170,1310609193.0,0.51,-0.07,-0.008,2.6
2024-07-17,10.864,10.791,10.872,10.788,1171840,1266794060.0,0.77,-0.64,-0.07,2.52
2024-07-18,10.789,10.786,10.804,10.71,1881230,2022236456.0,0.87,-0.05,-0.005,4.05
2024-07-19,10.776,10.795,10.819,10.74,1430725,1543962014.0,0.73,0.08,0.009,3.08
2024-07-22,10.797,10.737,10.807,10.711,1400119,1504499998.0,0.89,-0.54,-0.058,3.01
2024-07-23,10.735,10.638,10.758,10.635,1465932,1564380356.0,1.15,-0.92,-0.099,3.16
2024-07-24,10.633,10.549,10.666,10.546,2076919,2196534125.0,1.13,-0.84,-0.089,4.47
2024-07-25,10.53,10.542,10.565,10.501,1960444,2065763262.0,0.61,-0.07,-0.007,4.22
2024-07-26,10.55,10.641,10.644,10.549,1768974,1877412926.0,0.9,0.94,0.099,3.81
2024-07-29,10.629,10.63,10.682,10.619,1686920,1794672064.0,0.59,-0.1,-0.011,3.63
2024-07-30,10.622,10.611,10.638,10.568,1742060,1846500272.0,0.66,-0.18,-0.019,3.75
2024-07-31,10.606,10.755,10.769,10.598,2042862,2186388024.0,1.61,1.36,0.144,4.4
2024-08-01,10.738,10.733,10.784,10.714,1695113,1821248655.0,0.65,-0.2,-0.022,3.65
2024-08-02,10.711,10.688,10.745,10.685,1362432,1460184935.0,0.56,-0.42,-0.045,2.93
2024-08-05,10.681,10.599,10.709,10.595,1887479,2009641626.0,1.07,-0.83,-0.089,4.06
2024-08-06,10.626,10.615,10.654,10.594,1802494,1913850126.0,0.57,0.15,0.016,3.88
2024-08-07,10.616,10.639,10.655,10.586,1648098,1751424909.0,0.65,0.23,0.024,3.55
2024-08-08,10.631,10.629,10.649,10.587,1766985,1877085038.0,0.58,-0.09,-0.01,3.8
2024-08-09,10.645,10.619,10.666,10.616,1343571,1429557679.0,0.47,-0.09,-0.01,2.89
2024-08-12,10.613,10.562,10.629,10.559,1531031,1620845064.0,0.66,-0.54,-0.057,3.3
2024-08-13,10.564,10.545,10.573,10.529,1303956,1375659636.0,0.42,-0.16,-0.017,2.81
2024-08-14,10.552,10.499,10.552,10.489,1561556,1640594703.0,0.6,-0.44,-0.046,3.36
2024-08-15,10.5,10.469,10.539,10.464,2094101,2198249444.0,0.71,-0.29,-0.03,4.51
2024-08-16,10.476,10.369,10.478,10.323,2310768,2396601921.0,1.48,-0.96,-0.1,4.98
2024-08-19,10.424,10.423,10.453,10.393,1931261,2013865753.0,0.58,0.52,0.054,4.16
2024-08-20,10.42,10.324,10.427,10.305,1974467,2039613637.0,1.17,-0.95,-0.099,4.25
2024-08-21,10.309,10.316,10.336,10.288,1697249,1751055480.0,0.46,-0.08,-0.008,3.65
2024-08-22,10.316,10.255,10.349,10.254,1973040,2033593744.0,0.92,-0.59,-0.061,4.25
2024-08-23,10.256,10.279,10.293,10.083,3166847,3226883754.0,2.05,0.23,0.024,6.82
2024-08-26,10.286,10.349,10.4,10.286,2704304,2799267836.0,1.11,0.68,0.07,5.82
2024-08-27,10.349,10.335,10.356,10.285,2015918,2082101875.0,0.69,-0.14,-0.014,4.34
2024-08-28,10.329,10.328,10.353,10.313,1744156,1802009557.0,0.39,-0.07,-0.007,3.76
2024-08-29,10.315,10.396,10.413,10.285,2955205,3058983193.0,1.24,0.66,0.068,6.36
2024-08-30,10.38,10.499,10.559,10.38,3278301,3440936006.0,1.72,0.99,0.103,7.06
2024-09-02,10.46,10.414,10.488,10.409,2163377,2256835440.0,0.75,-0.81,-0.085,4.66
2024-09-03,10.405,10.419,10.448,10.398,2540199,2646108753.0,0.48,0.05,0.005,5.47
2024-09-04,10.402,10.42,10.456,10.383,2470949,2574923329.0,0.7,0.01,0.001,5.32
2024-09-05,10.425,10.501,10.513,10.425,2568730,2690284286.0,0.84,0.78,0.081,5.53
2024-09-06,10.516,10.451,10.524,10.448,2025776,2124141335.0,0.72,-0.48,-0.05,4.36
2024-09-09,10.44,10.381,10.45,10.363,2622504,2729152324.0,0.83,-0.67,-0.07,5.65
2024-09-10,10.39,10.354,10.397,10.281,2881239,2976502991.0,1.12,-0.26,-0.027,6.2
2024-09-11,10.352,10.314,10.387,10.314,2655420,2746259424.0,0.71,-0.39,-0.04,5.72
2024-09-12,10.322,10.311,10.364,10.309,1452851,1502286123.0,0.53,-0.03,-0.003,3.13
2024-09-13,10.316,10.29,10.325,10.283,1128537,1161973730.0,0.41,-0.2,-0.021,2.43
2024-09-18,10.281,10.243,10.291,10.197,1276015,1305672071.0,0.91,-0.46,-0.047,2.75
2024-09-19,10.26,10.316,10.38,10.215,2303505,2374333474.0,1.61,0.71,0.073,4.96
2024-09-20,10.316,10.278,10.323,10.254,1199935,1233731430.0,0.67,-0.37,-0.038,2.58
2024-09-23,10.272,10.254,10.316,10.25,1560884,1604100981.0,0.64,-0.23,-0.024,3.36
2024-09-24,10.306,10.535,10.546,10.306,3093592,3223273610.0,2.34,2.74,0.281,6.66
2024-09-25,10.48,10.536,10.75,10.48,3533401,3748536764.0,2.56,0.01,0.001,7.61
2024-09-26,10.536,10.737,10.801,10.489,4032764,4288855108.0,2.96,1.91,0.201,8.68
2024-09-27,10.837,11.03,11.222,10.764,3035840,3316114352.0,4.27,2.73,0.293,6.54
2024-09-30,11.192,11.223,11.394,10.9,5890472,6604535305.0,4.48,1.75,0.193,12.68
2024-10-08,12.233,11.371,12.233,11.11,6873667,7895301947.0,10.01,1.32,0.148,14.8
2024-10-09,11.2,10.862,11.25,10.856,4406773,4858901906.0,3.46,-4.48,-0.509,9.49
2024-10-10,10.945,10.862,11.01,10.776,3607720,3933775629.0,2.15,0.0,0.0,7.77
2024-10-11,10.873,10.728,10.873,10.7,3221151,3467041768.0,1.59,-1.23,-0.134,6.94
2024-10-14,10.75,10.922,10.943,10.7,3480659,3779941744.0,2.27,1.81,0.194,7.49
2024-10-15,10.895,10.902,11.043,10.868,3048277,3344341569.0,1.6,-0.18,-0.02,6.56
2024-10-16,10.872,10.958,10.998,10.864,3212147,3514152416.0,1.23,0.51,0.056,6.92
2024-10-17,11.01,10.95,11.047,10.925,2898042,3183895687.0,1.11,-0.07,-0.008,6.24
2024-10-18,10.952,11.076,11.162,10.932,3583977,3954629912.0,2.1,1.15,0.126,7.72
2024-10-21,11.079,11.128,11.165,11.072,2806180,3122591401.0,0.84,0.47,0.052,6.04
2024-10-22,11.14,11.158,11.167,11.11,2753363,3068273055.0,0.51,0.27,0.03,5.93
2024-10-23,11.15,11.191,11.23,11.136,3424806,3832571779.0,0.84,0.3,0.033,7.37
2024-10-24,11.18,11.072,11.18,11.057,3015298,3349636759.0,1.1,-1.06,-0.119,6.49
2024-10-25,11.089,11.175,11.208,11.083,2977170,3323109110.0,1.13,0.93,0.103,6.41
2024-10-28,11.166,11.227,11.26,11.125,2674349,2998075273.0,1.21,0.47,0.052,5.76
2024-10-29,11.234,11.135,11.278,11.106,3259291,3644176349.0,1.53,-0.82,-0.092,7.02
2024-10-30,11.12,11.134,11.164,11.061,2291155,2547542986.0,0.93,-0.01,-0.001,4.93
2024-10-31,11.128,11.134,11.206,11.111,2380762,2656106049.0,0.85,0.0,0.0,5.13
2024-11-01,11.13,11.114,11.15,11.063,2009794,2233742276.0,0.78,-0.18,-0.02,4.33
2024-11-04,11.117,11.185,11.187,11.114,1951719,2177491252.0,0.66,0.64,0.071,4.2
2024-11-05,11.183,11.287,11.309,11.173,3364693,3789737260.0,1.22,0.91,0.102,7.24
2024-11-06,11.28,11.279,11.382,11.24,3672060,4152801466.0,1.26,-0.07,-0.008,7.91
2024-11-07,11.26,11.389,11.393,11.241,3400115,3850599200.0,1.35,0.98,0.11,7.32
2024-11-08,11.441,11.346,11.495,11.335,2955690,3364679173.0,1.4,-0.38,-0.043,6.36
2024-11-11,11.301,11.473,11.475,11.301,2763101,3153571052.0,1.53,1.12,0.127,5.95
2024-11-12,11.484,11.431,11.536,11.4,3016404,3458720597.0,1.19,-0.37,-0.042,6.49
2024-11-13,11.422,11.429,11.456,11.36,2544695,2902141015.0,0.84,-0.02,-0.002,5.48
2024-11-14,11.437,11.313,11.455,11.31,3146682,3578577816.0,1.27,-1.01,-0.116,6.77
2024-11-15,11.32,11.247,11.334,11.244,2889860,3265864894.0,0.8,-0.58,-0.066,6.22
2024-11-18,11.268,11.202,11.28,11.182,2789769,3131918643.0,0.87,-0.4,-0.045,6.01
2024-11-19,11.213,11.267,11.269,11.15,2804822,3144407208.0,1.06,0.58,0.065,6.04
2024-11-20,11.268,11.327,11.344,11.255,1949145,2203882157.0,0.79,0.53,0.06,4.2
2024-11-21,11.325,11.341,11.353,11.304,1891064,2142329607.0,0.43,0.12,0.014,4.07
2024-11-22,11.342,11.26,11.353,11.252,2199628,2484161107.0,0.89,-0.71,-0.081,4.74
2024-11-25,11.27,11.242,11.284,11.224,2111957,2375596419.0,0.53,-0.16,-0.018,4.55
2024-11-26,11.232,11.242,11.301,11.231,1685825,1899207947.0,0.62,0.0,0.0,3.63
2024-11-27,11.244,11.334,11.339,11.179,2605693,2933660274.0,1.42,0.82,0.092,5.61
2024-11-28,11.335,11.339,11.371,11.331,1689517,1918075666.0,0.35,0.04,0.005,3.64
2024-11-29,11.34,11.409,11.439,11.333,2205783,2514045664.0,0.93,0.62,0.07,4.75
2024-12-02,11.417,11.473,11.493,11.396,2594034,2975860669.0,0.85,0.56,0.064,5.58
2024-12-03,11.475,11.485,11.497,11.436,2523779,2894875655.0,0.53,0.1,0.012,5.43
2024-12-04,11.478,11.422,11.485,11.411,2295740,2628269145.0,0.64,-0.55,-0.063,4.94
2024-12-05,11.431,11.462,11.472,11.422,2058764,2357217428.0,0.44,0.35,0.04,4.43
2024-12-06,11.47,11.563,11.574,11.45,2570929,2963616873.0,1.08,0.88,0.101,5.54
2024-12-09,11.542,11.572,11.61,11.541,2718011,3144873352.0,0.6,0.08,0.009,5.85
2024-12-10,11.75,11.677,11.79,11.662,4160680,4874126579.0,1.11,0.91,0.105,8.96
2024-12-11,11.647,11.747,11.807,11.643,2931283,3437315380.0,1.4,0.6,0.07,6.31
2024-12-12,11.749,11.837,11.847,11.741,3233378,3814354634.0,0.9,0.77,0.09,6.96
2024-12-13,11.813,11.771,11.824,11.752,3920147,4618391045.0,0.61,-0.56,-0.066,8.44
2024-12-16,11.764,11.658,11.766,11.636,2908565,3398353632.0,1.1,-0.96,-0.113,6.26
2024-12-17,11.643,11.596,11.678,11.562,3041899,3532034294.0,1.0,-0.53,-0.062,6.55
2024-12-18,11.597,11.632,11.665,11.597,2467643,2871150498.0,0.59,0.31,0.036,5.31
2024-12-19,11.609,11.607,11.641,11.56,3117382,3616186915.0,0.7,-0.21,-0.025,6.71
2024-12-20,11.607,11.665,11.691,11.606,2081372,2426445659.0,0.73,0.5,0.058,4.48
2024-12-23,11.67,11.607,11.676,11.59,2621590,3047154248.0,0.74,-0.5,-0.058,5.64
2024-12-24,11.602,11.652,11.665,11.602,2702251,3143828415.0,0.54,0.39,0.045,5.82
2024-12-25,11.653,11.626,11.661,11.572,3286727,3815200593.0,0.76,-0.22,-0.026,7.08
2024-12-26,11.622,11.65,11.664,11.617,2280981,2657095739.0,0.4,0.21,0.024,4.91
2024-12-27,11.648,11.681,11.705,11.648,2084102,2433788865.0,0.49,0.27,0.031,4.49
2024-12-30,11.7,11.665,11.7,11.624,3308281,3859260722.0,0.65,-0.14,-0.016,7.12
2024-12-31,11.666,11.577,11.689,11.572,3132616,3642999083.0,1.0,-0.75,-0.088,6.74
2025-01-02,11.585,11.487,11.59,11.474,3352986,3868349701.0,1.0,-0.78,-0.09,7.22
2025-01-03,11.505,11.476,11.536,11.456,3083905,3543805630.0,0.7,-0.1,-0.011,6.64
2025-01-06,11.478,11.452,11.508,11.419,3232068,3704018427.0,0.78,-0.21,-0.024,6.96
2025-01-07,11.446,11.559,11.567,11.44,2738788,3154143880.0,1.11,0.93,0.107,5.9
2025-01-08,11.547,11.544,11.571,11.473,3127461,3604606807.0,0.85,-0.13,-0.015,6.73
2025-01-09,11.534,11.559,11.588,11.532,2349871,2718099768.0,0.49,0.13,0.015,5.06
2025-01-10,11.572,11.523,11.572,11.516,2537999,2928034348.0,0.48,-0.31,-0.036,5.46
2025-01-13,11.5,11.52,11.545,11.485,2652376,3053841039.0,0.52,-0.03,-0.003,5.71
2025-01-14,11.53,11.651,11.658,11.52,3746612,4347244702.0,1.2,1.14,0.131,8.07
2025-01-15,11.645,11.666,11.699,11.636,2411571,2812991166.0,0.54,0.13,0.015,5.19
2025-01-16,11.687,11.641,11.743,11.621,3005603,3507348536.0,1.05,-0.21,-0.025,6.47
2025-01-17,11.646,11.702,11.71,11.616,3250684,3789942642.0,0.81,0.52,0.061,7.0
2025-01-20,11.75,11.744,11.788,11.709,2776181,3262917248.0,0.68,0.36,0.042,5.98
2025-01-21,11.76,11.773,11.788,11.719,3084904,3623995657.0,0.59,0.25,0.029,6.64
2025-01-22,11.764,11.755,11.775,11.73,2799474,3290475822.0,0.38,-0.15,-0.018,6.03
2025-01-23,11.789,11.769,11.831,11.757,2847099,3357015094.0,0.63,0.12,0.014,6.13
2025-01-24,11.766,11.815,11.824,11.755,3023229,3566879649.0,0.59,0.39,0.046,6.51
2025-01-27,11.822,11.758,11.854,11.755,1947771,2298596024.0,0.84,-0.48,-0.057,4.19
2025-02-05,11.782,11.797,11.807,11.75,1765865,2081121146.0,0.48,0.33,0.039,3.8
2025-02-06,11.8,11.886,11.893,11.789,2655961,3146590864.0,0.88,0.75,0.089,5.72
2025-02-07,11.886,11.967,12.013,11.885,3768972,4509929608.0,1.08,0.68,0.081,8.11
2025-02-10,11.972,11.971,11.977,11.929,2565404,3066735466.0,0.4,0.03,0.004,5.52
2025-02-11,11.975,11.943,11.975,11.91,2606939,3112685883.0,0.54,-0.23,-0.028,5.61
2025-02-12,11.94,11.991,11.998,11.913,2927658,3502028053.0,0.71,0.4,0.048,6.3
2025-02-13,11.996,11.985,12.02,11.968,2742572,3289054353.0,0.43,-0.05,-0.006,5.9
2025-02-14,11.981,11.99,11.999,11.956,3082441,3691461443.0,0.36,0.04,0.005,6.64
2025-02-17,11.992,11.99,12.012,11.974,2126159,2549548750.0,0.32,0.0,0.0,4.58
2025-02-18,11.98,11.907,11.999,11.88,3273038,3909902871.0,0.99,-0.69,-0.083,7.05
2025-02-19,11.897,12.016,12.02,11.897,2613977,3130135428.0,1.03,0.92,0.109,5.63
2025-02-20,12.015,12.045,12.055,11.98,2492286,2996663418.0,0.62,0.24,0.029,5.37
2025-02-21,12.054,12.159,12.162,12.035,3252589,3937821992.0,1.05,0.95,0.114,7.0
2025-02-24,12.139,12.11,12.17,12.103,3351087,4066464923.0,0.55,-0.4,-0.049,7.21
2025-02-25,12.068,12.119,12.195,12.054,3082388,3738616589.0,1.16,0.07,0.009,6.64
2025-02-26,12.13,12.218,12.221,12.13,3440450,4194873734.0,0.75,0.82,0.099,7.41
2025-02-27,12.223,12.204,12.225,12.11,3110492,3784725904.0,0.94,-0.11,-0.014,6.7
2025-02-28,12.19,12.028,12.191,12.003,3736115,4512338968.0,1.54,-1.44,-0.176,8.04
2025-03-03,12.051,11.964,12.104,11.919,5111819,6146386462.0,1.54,-0.53,-0.064,11.01
2025-03-04,11.949,12.021,12.037,11.94,4349256,5219478084.0,0.81,0.48,0.057,9.36
2025-03-05,12.027,12.055,12.069,11.982,3759967,4520841230.0,0.72,0.28,0.034,8.1
2025-03-06,12.085,12.19,12.202,12.085,5054387,6148285377.0,0.97,1.12,0.135,10.88
2025-03-07,12.176,12.199,12.257,12.171,3719468,4547394026.0,0.71,0.07,0.009,8.01
2025-03-10,12.207,12.213,12.246,12.152,2950641,3595068831.0,0.77,0.11,0.014,6.35
2025-03-11,12.178,12.181,12.23,12.115,4283909,5211800868.0,0.94,-0.26,-0.032,9.22
2025-03-12,12.2,12.162,12.206,12.147,3203933,3900761678.0,0.48,-0.16,-0.019,6.9
2025-03-13,12.171,12.096,12.189,12.045,5612081,6781703721.0,1.18,-0.54,-0.066,12.08
2025-03-14,12.101,12.209,12.227,12.074,4504159,5478610616.0,1.26,0.93,0.113,9.7
2025-03-17,12.219,12.224,12.25,12.211,3279518,4011797063.0,0.32,0.12,0.015,7.06
2025-03-18,12.24,12.256,12.27,12.208,3837829,4696637153.0,0.51,0.26,0.032,8.26
2025-03-19,12.25,12.199,12.25,12.162,3971641,4846997359.0,0.72,-0.47,-0.057,8.55
2025-03-20,12.199,12.151,12.212,12.139,3743979,4561459387.0,0.6,-0.39,-0.048,8.06
2025-03-21,12.129,12.067,12.163,12.017,4685601,5656546902.0,1.2,-0.69,-0.084,10.09
2025-03-24,12.065,12.002,12.078,11.941,5153375,6178938893.0,1.14,-0.54,-0.065,11.1
2025-03-25,11.999,12.028,12.062,11.99,4471423,5379941635.0,0.6,0.22,0.026,9.63
2025-03-26,12.041,12.074,12.089,12.035,3387815,4089737025.0,0.45,0.38,0.046,7.29
2025-03-27,12.07,12.073,12.115,12.001,3388658,4092307528.0,0.94,-0.01,-0.001,7.3
2025-03-28,12.08,12.029,12.101,12.002,3167970,3814222907.0,0.82,-0.36,-0.044,6.82
2025-03-31,12.022,11.952,12.029,11.912,4937637,5900200552.0,0.97,-0.64,-0.077,10.63
2025-04-01,11.97,11.987,12.032,11.964,3323302,3988322850.0,0.57,0.29,0.035,7.16
2025-04-02,11.992,12.007,12.048,11.98,3312268,3981835283.0,0.57,0.17,0.02,7.13
2025-04-03,11.95,11.966,11.996,11.925,5155764,6164388285.0,0.59,-0.34,-0.041,11.1
2025-04-07,11.755,11.466,11.758,11.464,7317053,8473076068.0,2.46,-4.18,-0.5,15.75
2025-04-08,11.559,11.587,11.656,11.558,6765224,7849147014.0,0.85,1.06,0.121,14.57
2025-04-09,11.525,11.725,11.747,11.469,7431714,8639416515.0,2.4,1.19,0.138,16.0
2025-04-10,11.82,11.82,11.91,11.774,6630667,7849289638.0,1.16,0.81,0.095,14.28
2025-04-11,11.825,11.777,11.844,11.714,6053261,7129784168.0,1.1,-0.36,-0.043,13.03
2025-04-14,11.817,11.81,11.864,11.8,3155305,3733790630.0,0.54,0.28,0.033,6.79
2025-04-15,11.805,11.756,11.824,11.745,2215538,2607489934.0,0.67,-0.46,-0.054,4.77
2025-04-16,11.738,11.708,11.758,11.688,3785532,4434473812.0,0.6,-0.41,-0.048,8.15
2025-04-17,11.695,11.723,11.769,11.688,2795164,3279534833.0,0.69,0.13,0.015,6.02
2025-04-18,11.715,11.715,11.749,11.691,3281879,3843651085.0,0.49,-0.07,-0.008,7.07
2025-04-21,11.718,11.75,11.755,11.704,2892286,3395907021.0,0.44,0.3,0.035,6.23
2025-04-22,11.748,11.774,11.792,11.73,2688910,3163545275.0,0.53,0.2,0.024,5.79
2025-04-23,11.81,11.845,11.851,11.786,3257741,3851532776.0,0.55,0.6,0.071,7.01
2025-04-24,11.845,11.798,11.862,11.796,2951059,3489096691.0,0.56,-0.4,-0.047,6.35
2025-04-25,11.818,11.817,11.858,11.793,3015422,3565346982.0,0.55,0.16,0.019,6.49
2025-04-28,11.819,11.749,11.831,11.747,2737461,3221038633.0,0.71,-0.58,-0.068,5.89
2025-04-29,11.749,11.792,11.804,11.748,2238787,2638470535.0,0.48,0.37,0.043,4.82
2025-04-30,11.802,11.827,11.842,11.792,2285949,2701009836.0,0.42,0.3,0.035,4.92
2025-05-06,11.854,11.901,11.909,11.828,2294881,2725830304.0,0.68,0.63,0.074,4.94
2025-05-07,11.952,11.919,11.979,11.9,3067781,3657675131.0,0.66,0.15,0.018,6.6
2025-05-08,11.906,11.99,11.999,11.906,2830225,3387128482.0,0.78,0.6,0.071,6.09
2025-05-09,11.984,11.943,11.989,11.921,2745437,3280332831.0,0.57,-0.39,-0.047,5.91
2025-05-12,11.97,12.036,12.039,11.969,3089929,3711507047.0,0.59,0.78,0.093,6.65
2025-05-13,12.079,12.027,12.158,12.017,3620038,4362254005.0,1.17,-0.07,-0.009,7.79
2025-05-14,12.033,12.019,12.066,11.985,4026905,4839930011.0,0.67,-0.07,-0.008,8.67
2025-05-15,12.022,11.975,12.031,11.97,2524215,3026019007.0,0.51,-0.37,-0.044,5.43
2025-05-16,11.969,11.992,12.011,11.966,2257387,2706453039.0,0.38,0.14,0.017,4.86
2025-05-19,11.993,11.992,12.007,11.942,2604610,3118745344.0,0.54,0.0,0.0,5.61
2025-05-20,12.008,12.045,12.05,11.994,2688262,3232108497.0,0.47,0.44,0.053,5.79
2025-05-21,12.046,12.07,12.074,12.039,2780671,3353028446.0,0.29,0.21,0.025,5.99
2025-05-22,12.062,12.008,12.082,11.997,3421481,4118258381.0,0.7,-0.51,-0.062,7.37
2025-05-23,12.015,11.988,12.041,11.978,2741159,3292537084.0,0.52,-0.17,-0.02,5.9
2025-05-26,11.989,11.951,11.998,11.94,2321827,2778002815.0,0.48,-0.31,-0.037,5.0
2025-05-27,11.95,11.94,11.962,11.925,2581097,3081890221.0,0.31,-0.09,-0.011,5.56
2025-05-28,11.947,11.942,11.965,11.926,2591098,3094071925.0,0.33,0.02,0.002,5.58
2025-05-29,11.952,12.014,12.028,11.952,3088716,3708879812.0,0.64,0.6,0.072,6.65
2025-05-30,12.003,12.013,12.03,11.984,1903659,2285434040.0,0.38,-0.01,-0.001,4.1
2025-06-03,12.007,12.03,12.047,11.998,2406361,2893690650.0,0.41,0.14,0.017,5.18
2025-06-04,12.037,12.104,12.107,12.037,2490309,3010677390.0,0.58,0.62,0.074,5.36
2025-06-05,12.111,12.129,12.142,12.081,2518816,3050882236.0,0.5,0.21,0.025,5.42
2025-06-06,12.124,12.133,12.156,12.117,2351903,2854734512.0,0.32,0.03,0.004,5.06
2025-06-09,12.146,12.183,12.191,12.135,2331200,2838131061.0,0.46,0.41,0.05,5.02
2025-06-10,12.19,12.16,12.2,12.108,2873938,3493942756.0,0.76,-0.19,-0.023,6.19
2025-06-11,12.162,12.177,12.221,12.162,2533030,3087421448.0,0.49,0.14,0.017,5.45
2025-06-12,12.173,12.185,12.201,12.16,2207505,2689736306.0,0.34,0.07,0.008,4.75
2025-06-13,12.183,12.148,12.188,12.127,3678719,4467978551.0,0.5,-0.3,-0.037,7.92
2025-06-16,12.14,12.17,12.202,12.138,3470470,4222083990.0,0.53,0.18,0.022,7.47
2025-06-17,12.174,12.169,12.208,12.156,3101398,3774567715.0,0.43,-0.01,-0.001,6.68
2025-06-18,12.173,12.176,12.177,12.127,2246270,2728997454.0,0.41,0.06,0.007,4.84
2025-06-19,12.177,12.124,12.194,12.116,2767845,3360802428.0,0.64,-0.43,-0.052,5.96
2025-06-20,12.127,12.108,12.15,12.095,2754239,3338137854.0,0.45,-0.13,-0.016,5.93
2025-06-23,12.1,12.165,12.167,12.087,3025623,3667946429.0,0.66,0.47,0.057,6.51
2025-06-24,12.174,12.254,12.255,12.172,3143279,3844959296.0,0.68,0.73,0.089,6.77
2025-06-25,12.258,12.39,12.469,12.252,5180993,6387821135.0,1.77,1.11,0.136,11.15
2025-06-26,12.374,12.362,12.43,12.34,4587395,5681988588.0,0.73,-0.23,-0.028,9.88
2025-06-27,12.371,12.375,12.44,12.356,4811792,5962100415.0,0.68,0.11,0.013,10.36
2025-06-30,12.36,12.407,12.43,12.359,3608549,4473423036.0,0.57,0.26,0.032,7.77
2025-07-01,12.421,12.46,12.472,12.39,4327817,5385307496.0,0.66,0.43,0.053,9.32
2025-07-02,12.465,12.424,12.47,12.399,5405450,6713428742.0,0.57,-0.29,-0.036,11.64
2025-07-03,12.434,12.489,12.504,12.416,5077037,6327007003.0,0.71,0.52,0.065,10.93
2025-07-04,12.47,12.488,12.549,12.462,6778660,8476485410.0,0.7,-0.01,-0.001,14.59
2025-07-07,12.492,12.469,12.492,12.445,3529609,4401952982.0,0.38,-0.15,-0.019,7.6
2025-07-08,12.475,12.556,12.558,12.46,4021868,5033810217.0,0.79,0.7,0.087,8.66
2025-07-09,12.56,12.558,12.617,12.553,4833448,6083232647.0,0.51,0.02,0.002,10.41
2025-07-10,12.549,12.612,12.62,12.526,3748794,4714961843.0,0.75,0.43,0.054,8.07
2025-07-11,12.628,12.608,12.667,12.586,5592123,7064610097.0,0.64,-0.03,-0.004,12.04
2025-07-14,12.615,12.551,12.635,12.517,4007063,5029617760.0,0.94,-0.45,-0.057,8.63
2025-07-15,12.558,12.532,12.577,12.449,5795787,7248954111.0,1.02,-0.15,-0.019,12.48
2025-07-16,12.539,12.542,12.569,12.507,4558514,5713118830.0,0.49,0.08,0.01,9.81
2025-07-17,12.555,12.631,12.641,12.549,4130627,5205976994.0,0.73,0.71,0.089,8.89
2025-07-18,12.651,12.665,12.686,12.642,5676044,7187297220.0,0.35,0.27,0.034,12.22
2025-07-21,12.682,12.773,12.78,12.67,4031175,5129338062.0,0.87,0.85,0.108,8.68
2025-07-22,12.781,12.839,12.843,12.732,4661054,5964217159.0,0.87,0.52,0.066,10.04
2025-07-23,12.845,12.849,12.937,12.837,5681070,7317835879.0,0.78,0.08,0.01,12.23
2025-07-24,12.851,12.937,12.939,12.848,4723519,6093021906.0,0.71,0.68,0.088,10.17
2025-07-25,12.938,12.952,12.974,12.904,4679459,6053049475.0,0.54,0.12,0.015,10.07
2025-07-28,12.954,12.853,12.954,12.819,5709674,7358459171.0,1.04,-0.76,-0.099,12.29
2025-07-29,12.847,12.888,12.892,12.782,6298871,8080968283.0,0.86,0.27,0.035,13.56
2025-07-30,12.871,12.859,12.939,12.811,5867269,7565183735.0,0.99,-0.23,-0.029,12.63
2025-07-31,12.855,12.784,12.876,12.725,7424584,9483975058.0,1.17,-0.58,-0.075,15.99
2025-08-01,12.767,12.765,12.81,12.722,6839428,8728482914.0,0.69,-0.15,-0.019,14.73
2025-08-04,12.748,12.871,12.887,12.726,6063720,7765270913.0,1.26,0.83,0.106,13.06
2025-08-05,12.889,12.96,12.965,12.884,6286432,8125826997.0,0.63,0.69,0.089,13.53
2025-08-06,12.966,13.057,13.1,12.941,7301965,9510197286.0,1.23,0.75,0.097,15.72
2025-08-07,13.066,13.049,13.1,12.974,7562695,9855994916.0,0.97,-0.06,-0.008,16.28
2025-08-08,13.053,13.01,13.08,12.98,7189470,9369775107.0,0.77,-0.3,-0.039,15.48
2025-08-11,13.038,13.115,13.129,13.028,5601067,7332403812.0,0.78,0.81,0.105,12.06
2025-08-12,13.12,13.114,13.136,13.064,6480046,8489914799.0,0.55,-0.01,-0.001,13.95
2025-08-13,13.129,13.2,13.25,13.09,7990943,10527325029.0,1.22,0.66,0.086,17.2
2025-08-14,13.223,13.146,13.249,13.141,9414018,12425059621.0,0.82,-0.41,-0.054,20.27
2025-08-15,13.14,13.245,13.25,13.139,7210039,9519812663.0,0.84,0.75,0.099,15.52
2025-08-18,13.268,13.391,13.396,13.268,6736220,8994525678.0,0.97,1.1,0.146,14.5
2025-08-19,13.382,13.399,13.449,13.32,9125453,12225434770.0,0.96,0.06,0.008,19.65
2025-08-20,13.386,13.457,13.47,13.343,7839626,10502521552.0,0.95,0.43,0.058,16.88
2025-08-21,13.494,13.499,13.563,13.438,9967750,13466932651.0,0.93,0.31,0.042,21.46
2025-08-22,13.529,13.661,13.674,13.488,9186459,12448591929.0,1.38,1.2,0.162,19.78
2025-08-25,13.699,13.698,13.8,13.64,10594015,14541738771.0,1.17,0.27,0.037,22.81
2025-08-26,13.675,13.668,13.75,13.64,10344261,14176505278.0,0.8,-0.22,-0.03,22.27
2025-08-27,13.678,13.306,13.705,13.285,15630752,21059412698.0,3.07,-2.65,-0.362,33.65
2025-08-28,13.33,13.305,13.377,13.089,17693034,23398843877.0,2.16,-0.01,-0.001,38.09
2025-08-29,13.302,13.238,13.425,13.216,12026021,16017523836.0,1.57,-0.5,-0.067,25.89
2025-09-01,13.27,13.121,13.29,13.1,13921322,18331448795.0,1.44,-0.88,-0.117,29.97
2025-09-02,13.123,13.048,13.14,12.908,19210111,24977651132.0,1.77,-0.56,-0.073,41.36
2025-09-03,13.098,13.065,13.14,12.982,13175095,17208546323.0,1.21,0.13,0.017,28.37
2025-09-04,13.088,13.065,13.145,13.002,12365676,16177742962.0,1.09,0.0,0.0,26.62
2025-09-05,13.088,13.348,13.362,13.087,11863521,15715308411.0,2.1,2.17,0.283,25.54
2025-09-08,13.372,13.406,13.419,13.312,9348717,12513487065.0,0.8,0.43,0.058,20.13
2025-09-09,13.42,13.262,13.42,13.205,11611426,15442741439.0,1.6,-1.07,-0.144,25.0
2025-09-10,13.269,13.186,13.303,13.11,8447719,11146415263.0,1.46,-0.57,-0.076,18.19
2025-09-11,13.175,13.365,13.37,13.116,10142974,13443920698.0,1.93,1.36,0.179,21.84
2025-09-12,13.367,13.356,13.434,13.338,9342872,12514641042.0,0.72,-0.07,-0.009,20.12
2025-09-15,13.369,13.256,13.375,13.247,8183032,10886715776.0,0.96,-0.75,-0.1,17.62
2025-09-16,13.266,13.238,13.298,13.144,9109552,12039283423.0,1.16,-0.14,-0.018,19.61
2025-09-17,13.245,13.331,13.355,13.221,8317125,11067340315.0,1.01,0.7,0.093,17.91
2025-09-18,13.342,13.248,13.366,13.17,10811307,14370151701.0,1.47,-0.62,-0.083,23.28
2025-09-19,13.25,13.157,13.26,13.138,9504416,12529869761.0,0.92,-0.69,-0.091,20.46
2025-09-22,13.152,13.13,13.181,13.061,7964006,10443610325.0,0.91,-0.21,-0.027,17.15
2025-09-23,13.132,13.101,13.142,12.994,9285719,12120759336.0,1.13,-0.22,-0.029,19.99
2025-09-24,13.09,13.296,13.3,13.055,8526524,11247800559.0,1.87,1.49,0.195,18.36
2025-09-25,13.281,13.329,13.415,13.281,8252524,11013637897.0,1.01,0.25,0.033,17.77
2025-09-26,13.324,13.282,13.358,13.231,7895136,10498519714.0,0.95,-0.35,-0.047,17.0
2025-09-29,13.301,13.408,13.428,13.263,7539011,10078679168.0,1.24,0.95,0.126,16.23
2025-09-30,13.431,13.483,13.509,13.41,7899721,10627290525.0,0.74,0.56,0.075,17.01
2025-10-09,13.5,13.56,13.596,13.45,6845257,9269880810.0,1.08,0.57,0.077,14.74
2025-10-10,13.5,13.474,13.563,13.432,8167051,11020936607.0,0.97,-0.63,-0.086,17.58
2025-10-13,13.394,13.448,13.473,13.334,9171075,12306546056.0,1.03,-0.19,-0.026,19.75
2025-10-14,13.47,13.322,13.51,13.3,10776457,14449770902.0,1.56,-0.94,-0.126,23.2
2025-10-15,13.342,13.421,13.432,13.29,9286953,12407129238.0,1.07,0.74,0.099,19.99
2025-10-16,13.422,13.34,13.443,13.309,7956137,10639856154.0,1.0,-0.6,-0.081,17.13
2025-10-17,13.336,13.218,13.36,13.205,9726677,12897990345.0,1.16,-0.91,-0.122,20.94
2025-10-20,13.256,13.225,13.297,13.196,9894352,13106911283.0,0.76,0.05,0.007,21.3
2025-10-21,13.25,13.322,13.358,13.245,8487025,11303093858.0,0.85,0.73,0.097,18.27
2025-10-22,13.309,13.299,13.35,13.265,7507390,9989143098.0,0.64,-0.17,-0.023,16.16
2025-10-23,13.297,13.325,13.33,13.223,7514552,9966713589.0,0.8,0.2,0.026,16.18
2025-10-24,13.359,13.382,13.4,13.346,8365451,11188719718.0,0.41,0.43,0.057,18.01
2025-10-27,13.423,13.476,13.507,13.418,8568000,11537396848.0,0.67,0.7,0.094,18.45
2025-10-28,13.468,13.433,13.52,13.412,8949785,12053140168.0,0.8,-0.32,-0.043,19.27
2025-10-29,13.446,13.574,13.576,13.42,7781565,10503746369.0,1.16,1.05,0.141,16.75
2025-10-30,13.586,13.473,13.586,13.468,9097891,12291137873.0,0.87,-0.74,-0.101,19.59
2025-10-31,13.484,13.482,13.536,13.453,9405030,12691778926.0,0.62,0.07,0.009,20.25
2025-11-03,13.498,13.503,13.526,13.421,8611924,11597512738.0,0.78,0.16,0.021,18.54
2025-11-04,13.5,13.442,13.544,13.425,8355211,11253847194.0,0.88,-0.45,-0.061,17.99
2025-11-05,13.419,13.506,13.532,13.37,9091038,12230890385.0,1.21,0.48,0.064,19.57
2025-11-06,13.52,13.561,13.585,13.485,8295691,11234332770.0,0.74,0.41,0.055,17.86
2025-11-07,13.541,13.581,13.618,13.506,7886084,10702929165.0,0.83,0.15,0.02,16.98
2025-11-10,13.605,13.674,13.675,13.601,7141283,9743413574.0,0.54,0.68,0.093,15.38
2025-11-11,13.69,13.644,13.707,13.616,6331022,8639440050.0,0.67,-0.22,-0.03,13.63
2025-11-12,13.641,13.605,13.652,13.556,7009054,9529042991.0,0.7,-0.29,-0.039,15.09
2025-11-13,13.602,13.743,13.746,13.601,7390644,10126717328.0,1.07,1.01,0.138,15.91
2025-11-14,13.715,13.672,13.741,13.67,6376617,8742072729.0,0.52,-0.52,-0.071,13.73
2025-11-17,13.669,13.654,13.681,13.611,5646039,7700201059.0,0.51,-0.13,-0.018,12.16
2025-11-18,13.638,13.603,13.679,13.583,6470984,8812530692.0,0.7,-0.37,-0.051,13.93
2025-11-19,13.601,13.628,13.653,13.587,7779773,10590586848.0,0.49,0.18,0.025,16.75
2025-11-20,13.67,13.57,13.687,13.568,7726952,10521363467.0,0.87,-0.43,-0.058,16.64
2025-11-21,13.534,13.466,13.545,13.461,9058423,12231010041.0,0.62,-0.77,-0.104,19.5
2025-11-24,13.5,13.455,13.504,13.372,10738940,14411122414.0,0.98,-0.08,-0.011,23.12
2025-11-25,13.486,13.475,13.554,13.469,6837474,9239707319.0,0.63,0.15,0.02,14.72
2025-11-26,13.485,13.367,13.49,13.364,7119593,9564152436.0,0.94,-0.8,-0.108,15.33
2025-11-27,13.38,13.298,13.426,13.29,5931001,7928549089.0,1.02,-0.52,-0.069,12.77
2025-11-28,13.301,13.389,13.402,13.219,6667398,8882649495.0,1.38,0.68,0.091,14.35
2025-12-01,13.393,13.401,13.429,13.346,5311474,7113826686.0,0.62,0.09,0.012,11.44
2025-12-02,13.407,13.33,13.407,13.317,4649125,6205601087.0,0.67,-0.53,-0.071,10.01
2025-12-03,13.33,13.307,13.353,13.296,4374342,5825468105.0,0.43,-0.17,-0.023,9.42
2025-12-04,13.31,13.269,13.336,13.25,4964939,6594825442.0,0.65,-0.29,-0.038,10.69
2025-12-05,13.274,13.407,13.434,13.229,7130063,9515221522.0,1.54,1.04,0.138,15.35
2025-12-08,13.421,13.447,13.5,13.415,6480168,8723286281.0,0.63,0.3,0.04,13.95
2025-12-09,13.431,13.379,13.458,13.363,4644231,6223930186.0,0.71,-0.51,-0.068,10.0
2025-12-10,13.371,13.427,13.429,13.339,5458171,7305905493.0,0.67,0.36,0.048,11.75
2025-12-11,13.439,13.376,13.457,13.366,4513744,6049349560.0,0.68,-0.38,-0.051,9.72
2025-12-12,13.389,13.422,13.458,13.366,5106161,6851875281.0,0.69,0.34,0.046,10.99
2025-12-15,13.4,13.388,13.442,13.365,4456462,5972022278.0,0.57,-0.25,-0.034,9.59
2025-12-16,13.386,13.316,13.388,13.301,6242388,8321519186.0,0.65,-0.54,-0.072,13.44
2025-12-17,13.31,13.438,13.44,13.31,7297814,9759994692.0,0.98,0.92,0.122,15.71
2025-12-18,13.426,13.438,13.477,13.412,5054746,6795769275.0,0.48,0.0,0.0,10.88
2025-12-19,13.446,13.495,13.507,13.401,6684190,9002440731.0,0.79,0.42,0.057,14.39
2025-12-22,13.513,13.563,13.573,13.498,5521132,7478578846.0,0.56,0.5,0.068,11.89
2025-12-23,13.567,13.526,13.583,13.518,5206768,7054416635.0,0.48,-0.27,-0.037,11.21
2025-12-24,13.531,13.615,13.624,13.513,5483737,7447799716.0,0.82,0.66,0.089,11.81
2025-12-25,13.628,13.688,13.711,13.6,5673134,7749822836.0,0.82,0.54,0.073,12.21
2025-12-26,13.693,13.674,13.754,13.665,8121507,11134243342.0,0.65,-0.1,-0.014,17.49
2025-12-29,13.678,13.636,13.7,13.61,5568120,7602652751.0,0.66,-0.28,-0.038,11.99
2025-12-30,13.63,13.667,13.707,13.614,6284011,8585469276.0,0.68,0.23,0.031,13.53
2025-12-31,13.681,13.663,13.737,13.635,6114849,8366881270.0,0.75,-0.03,-0.004,13.17
2026-01-05,13.68,13.865,13.887,13.68,5410078,7475389086.0,1.52,1.48,0.202,11.65
2026-01-06,13.868,14.064,14.077,13.866,8298921,11629415697.0,1.52,1.44,0.199,17.87
2026-01-07,14.052,14.101,14.165,14.01,8968993,12646483613.0,1.1,0.26,0.037,19.31
2026-01-08,14.099,14.135,14.244,14.09,8294686,11745390157.0,1.09,0.24,0.034,17.86
2026-01-09,14.135,14.274,14.304,14.135,10106986,14386965659.0,1.2,0.98,0.139,21.76
2026-01-12,14.315,14.448,14.487,14.285,9247626,13302709542.0,1.42,1.22,0.174,19.91
2026-01-13,14.501,14.306,14.541,14.25,10922512,15668720683.0,2.01,-0.98,-0.142,23.52
2026-01-14,14.331,14.323,14.553,14.271,13014672,18736188429.0,1.97,0.12,0.017,28.02
2026-01-15,14.312,14.368,14.37,14.2,11600235,16575592123.0,1.19,0.31,0.045,24.98
2026-01-16,14.442,14.404,14.505,14.361,10569528,15264428699.0,1.0,0.25,0.036,22.76
2026-01-19,14.41,14.505,14.508,14.377,8173577,11816181713.0,0.91,0.7,0.101,17.6
2026-01-20,14.508,14.402,14.578,14.38,9686805,13986854072.0,1.37,-0.71,-0.103,20.86
2026-01-21,14.391,14.481,14.532,14.336,9008783,13034486126.0,1.36,0.55,0.079,19.4
2026-01-22,14.516,14.64,14.652,14.515,7623268,11123820299.0,0.95,1.1,0.159,16.41
2026-01-23,14.65,14.827,14.878,14.65,7784288,11528487000.0,1.56,1.28,0.187,16.76
2026-01-26,14.857,14.667,14.916,14.629,10494922,15471755119.0,1.94,-1.08,-0.16,22.6
2026-01-27,14.689,14.71,14.733,14.534,11465152,16773643095.0,1.36,0.29,0.043,24.68
2026-01-28,14.711,14.856,14.864,14.674,10895472,16074588974.0,1.29,0.99,0.146,23.46
2026-01-29,14.855,14.715,14.894,14.701,10928391,16181948146.0,1.3,-0.95,-0.141,23.53
2026-01-30,14.7,14.469,14.705,14.435,15877368,23069711587.0,1.83,-1.67,-0.246,34.18
2026-02-02,14.415,14.117,14.43,14.079,14564858,20739147516.0,2.43,-2.43,-0.352,31.36
2026-02-03,14.199,14.463,14.465,14.199,11016717,15781309074.0,1.88,2.45,0.346,23.72
2026-02-04,14.469,14.445,14.504,14.32,10302195,14834672240.0,1.27,-0.12,-0.018,22.18
2026-02-05,14.423,14.354,14.423,14.207,10755237,15390482191.0,1.5,-0.63,-0.091,23.16
2026-02-06,14.288,14.426,14.509,14.257,10830779,15620020735.0,1.76,0.5,0.072,23.32
2026-02-09,14.55,14.635,14.641,14.502,7800027,11365714153.0,0.96,1.45,0.209,16.79
2026-02-10,14.656,14.587,14.661,14.531,6647732,9712931173.0,0.89,-0.33,-0.048,14.31
2026-02-11,14.599,14.604,14.657,14.577,5878734,8596915772.0,0.55,0.12,0.017,12.66
2026-02-12,14.604,14.698,14.714,14.575,5577130,8171222493.0,0.95,0.64,0.094,12.01
2026-02-13,14.678,14.619,14.759,14.596,7173929,10522007229.0,1.11,-0.54,-0.079,15.45
2026-02-24,14.654,14.738,14.768,14.638,6528185,9598788248.0,0.89,0.81,0.119,14.06
2026-02-25,14.75,14.717,14.824,14.674,6741878,9955267361.0,1.02,-0.14,-0.021,14.52
2026-02-26,14.732,14.591,14.742,14.545,6910300,10105489179.0,1.34,-0.86,-0.126,14.88
2026-02-27,14.569,14.596,14.6,14.48,7752825,11277250172.0,0.82,0.03,0.005,16.69
2026-03-02,14.52,14.534,14.623,14.502,8098818,11786391168.0,0.83,-0.42,-0.062,17.44
2026-03-03,14.565,14.295,14.583,14.29,11244227,16177632911.0,2.02,-1.64,-0.239,24.21
2026-03-04,14.28,14.279,14.39,14.135,11702477,16685047772.0,1.78,-0.11,-0.016,25.2
2026-03-05,14.36,14.244,14.399,14.211,8801466,12599150799.0,1.32,-0.25,-0.035,18.95
2026-03-06,14.221,14.3,14.345,14.16,7813072,11156807512.0,1.3,0.39,0.056,16.82
2026-03-09,14.2,14.223,14.244,13.99,11399308,16085868636.0,1.78,-0.54,-0.077,24.54
2026-03-10,14.3,14.346,14.37,14.25,6977362,9984271110.0,0.84,0.86,0.123,15.02
2026-03-11,14.36,14.402,14.452,14.352,7416232,10676690373.0,0.7,0.39,0.056,15.97
2026-03-12,14.37,14.239,14.414,14.237,7338955,10504634120.0,1.23,-1.13,-0.163,15.8
2026-03-13,14.229,14.102,14.272,14.096,8576958,12173162419.0,1.24,-0.96,-0.137,18.47
2026-03-16,14.119,14.05,14.119,13.875,11958905,16720246627.0,1.73,-0.37,-0.052,25.75
2026-03-17,14.074,13.836,14.113,13.83,9836234,13739996581.0,2.01,-1.52,-0.214,21.18
2026-03-18,13.835,14.009,14.015,13.784,10698368,14847095422.0,1.67,1.25,0.173,23.03
2026-03-19,13.903,13.776,13.92,13.728,12299297,16976765762.0,1.37,-1.66,-0.233,26.48
2026-03-20,13.802,13.672,13.874,13.666,14433560,19868803568.0,1.51,-0.75,-0.104,31.08
2026-03-23,13.412,13.577,13.714,13.412,16979678,23043880443.0,2.21,-0.69,-0.095,36.56
2026-03-24,13.67,13.849,13.861,13.588,12954057,17755177440.0,2.01,2.0,0.272,27.89
2026-03-25,13.904,13.962,14.02,13.903,13139951,18342812838.0,0.84,0.82,0.113,28.29
2026-03-26,13.96,13.784,13.96,13.742,10773780,14892476459.0,1.56,-1.27,-0.178,23.2
2026-03-27,13.73,13.841,13.929,13.692,11622399,16088366580.0,1.72,0.41,0.057,25.02
2026-03-30,13.766,13.731,13.83,13.651,10932461,15022835822.0,1.29,-0.79,-0.11,23.54
2026-03-31,13.717,13.511,13.787,13.5,10236653,13947104161.0,2.09,-1.6,-0.22,22.04
2026-04-01,13.631,13.77,13.78,13.6,10597825,14506608695.0,1.33,1.92,0.259,22.82
2026-04-02,13.701,13.633,13.745,13.587,9605775,13108938614.0,1.15,-0.99,-0.137,20.68
2026-04-03,13.67,13.666,13.728,13.627,9449971,12921606387.0,0.74,0.24,0.033,20.35
2026-04-07,13.699,13.697,13.788,13.636,8198079,11246716589.0,1.11,0.23,0.031,17.65
2026-04-08,13.87,14.137,14.163,13.87,11530253,16209364232.0,2.14,3.21,0.44,24.82
2026-04-09,14.11,14.074,14.147,14.053,9503269,13397065300.0,0.66,-0.45,-0.063,20.46
2026-04-10,14.14,13.98,14.217,13.978,11337196,15974722117.0,1.7,-0.67,-0.094,24.41
2026-04-13,13.96,13.926,13.997,13.91,8190934,11428077081.0,0.62,-0.39,-0.054,17.64
2026-04-14,14.0,14.08,14.101,13.965,7146478,10004820574.0,0.98,1.11,0.154,15.39
2026-04-15,14.116,14.049,14.19,14.044,9100582,12844843571.0,1.04,-0.22,-0.031,19.59
2026-04-16,14.098,14.283,14.306,14.065,8085424,11493531654.0,1.72,1.67,0.234,17.41
2026-04-17,14.277,14.339,14.363,14.209,7394257,10572318444.0,1.08,0.39,0.056,15.92
2026-04-20,14.3,14.306,14.4,14.281,7355133,10549435947.0,0.83,-0.23,-0.033,15.84
2026-04-21,14.325,14.278,14.326,14.201,6453357,9197174581.0,0.87,-0.2,-0.028,13.89
2026-04-22,14.27,14.371,14.382,14.255,6557737,9395421825.0,0.89,0.65,0.093,14.12
2026-04-23,14.377,14.287,14.421,14.217,9032257,12916206913.0,1.42,-0.58,-0.084,19.45
2026-04-24,14.279,14.245,14.296,14.206,6334922,9027764718.0,0.63,-0.29,-0.042,13.64
2026-04-27,14.266,14.3,14.32,14.22,6058848,8658800841.0,0.7,0.39,0.055,13.04
2026-04-28,14.307,14.187,14.338,14.185,5796221,8269425428.0,1.07,-0.79,-0.113,12.48
2026-04-29,14.201,14.31,14.335,14.175,7091919,10124811925.0,1.13,0.87,0.123,15.27
2026-04-30,14.323,14.293,14.354,14.243,6196104,8853767179.0,0.78,-0.12,-0.017,13.34
2026-05-06,14.36,14.49,14.51,14.347,7318210,10584568831.0,1.14,1.38,0.197,15.76
2026-05-07,14.539,14.492,14.547,14.475,5677940,8234297845.0,0.5,0.01,0.002,12.22
2026-05-08,14.48,14.487,14.53,14.425,5444444,7885128381.0,0.72,-0.03,-0.005,11.72
2026-05-11,14.522,14.534,14.578,14.5,6094692,8861012237.0,0.54,0.32,0.047,13.12
2026-05-12,14.524,14.392,14.55,14.2,6441710,9300474332.0,2.41,-0.98,-0.142,13.87
2026-05-13,14.394,14.443,14.463,14.35,6019029,8672604708.0,0.79,0.35,0.051,12.96
2026-05-14,14.467,14.231,14.477,14.208,7786508,11132893429.0,1.86,-1.47,-0.212,16.76
2026-05-15,14.238,14.12,14.306,14.103,11737297,16651671191.0,1.43,-0.78,-0.111,25.27
2026-05-18,14.11,14.112,14.226,14.065,7628181,10798222902.0,1.14,-0.06,-0.008,16.42
2026-05-19,14.112,14.351,14.359,14.056,9196397,13060964038.0,2.15,1.69,0.239,19.8
2026-05-20,14.32,14.275,14.35,14.241,8162410,11662648968.0,0.76,-0.53,-0.076,17.57
2026-05-21,14.315,14.106,14.363,14.089,8006185,11387823141.0,1.92,-1.18,-0.169,17.24
2026-05-22,14.15,14.133,14.179,14.095,7877135,11141051272.0,0.6,0.19,0.027,16.96
2026-05-25,14.17,14.158,14.235,14.118,7138258,10115737637.0,0.83,0.18,0.025,15.37
2026-05-26,14.15,14.114,14.166,14.023,8538757,12029326750.0,1.01,-0.31,-0.044,18.38
2026-05-27,14.101,14.008,14.184,13.962,9871966,13856103430.0,1.57,-0.75,-0.106,21.25
2026-05-28,13.993,14.125,14.133,13.956,8817325,12380248329.0,1.26,0.84,0.117,18.98
2026-05-29,14.143,14.0,14.156,13.98,9265146,13015314963.0,1.25,-0.88,-0.125,19.95
2026-06-01,13.989,14.037,14.081,13.972,7297316,10245525458.0,0.78,0.26,0.037,15.71
2026-06-02,14.058,14.121,14.147,13.987,6601950,9284180978.0,1.14,0.6,0.084,14.21
2026-06-03,14.118,14.083,14.182,14.014,7107039,10035233799.0,1.19,-0.27,-0.038,15.3
2026-06-04,14.061,13.999,14.079,13.996,6933506,9724719435.0,0.59,-0.6,-0.084,14.93
2026-06-05,13.99,13.948,14.058,13.936,7835019,10960175147.0,0.87,-0.36,-0.051,16.87
2026-06-08,13.9,13.824,13.9,13.754,9912158,13706241913.0,1.05,-0.89,-0.124,21.34
2026-06-09,13.844,13.927,13.938,13.768,6966966,9631901092.0,1.23,0.75,0.103,15.0
2026-06-10,13.93,13.77,13.93,13.721,7105203,9800140251.0,1.5,-1.13,-0.157,15.3
2026-06-11,13.73,13.814,13.836,13.73,6978188,9620648350.0,0.77,0.32,0.044,15.02
2026-06-12,13.891,13.929,14.057,13.891,7370419,10298210488.0,1.2,0.83,0.115,15.87
2026-06-15,14.0,14.162,14.17,14.0,6616293,9324727045.0,1.22,1.67,0.233,14.24
2026-06-16,14.179,14.219,14.235,14.144,5982681,8494314298.0,0.64,0.4,0.057,12.88
2026-06-17,14.2,14.158,14.229,14.134,5924464,8397794336.0,0.67,-0.43,-0.061,12.76
2026-06-18,14.165,14.067,14.187,14.063,6091541,8600423790.0,0.88,-0.64,-0.091,13.12
2026-06-22,14.078,14.039,14.093,13.868,5639641,7877510397.0,1.6,-0.2,-0.028,12.14
2026-06-23,14.039,13.933,14.053,13.933,5790880,8102555937.0,0.85,-0.76,-0.106,12.47
2026-06-24,13.95,13.987,14.045,13.88,5688271,7937488430.0,1.18,0.39,0.054,12.25
2026-06-25,13.993,13.892,14.022,13.871,5301524,7392540926.0,1.08,-0.68,-0.095,11.41
