trade_date,Monthly_DoubleLow_Top10,Monthly_DoubleLow_Top5,511380_CB_ETF_Benchmark
2024-01-02,1.0,1.0,1.0
2024-01-03,1.0,1.0,0.9972577696526509
2024-01-04,1.0,1.0,0.993692870201097
2024-01-05,1.0,1.0,0.9911334552102377
2024-01-08,1.0,1.0,0.9878427787934188
2024-01-09,1.0,1.0,0.9891224862888482
2024-01-10,1.0,1.0,0.9880255941499085
2024-01-11,1.0,1.0,0.9921389396709324
2024-01-12,1.0,1.0,0.9929616087751371
2024-01-15,1.0,1.0,0.9931444241316271
2024-01-16,1.0,1.0,0.9912248628884827
2024-01-17,1.0,1.0,0.9836380255941499
2024-01-18,1.0,1.0,0.9815356489945155
2024-01-19,1.0,1.0,0.9785191956124315
2024-01-22,1.0,1.0,0.96709323583181
2024-01-23,1.0,1.0,0.9705667276051189
2024-01-24,1.0,1.0,0.9708409506398539
2024-01-25,1.0,1.0,0.9803473491773309
2024-01-26,1.0,1.0,0.9816270566727606
2024-01-29,1.0,1.0,0.9758683729433273
2024-01-30,1.0,1.0,0.9708409506398539
2024-01-31,1.0,1.0,0.9644424131627057
2024-02-01,0.9975197089700001,0.9973275421700001,0.9644424131627057
2024-02-02,0.9982690293045501,0.9988632521700002,0.9642595978062157
2024-02-05,0.9922796993045501,0.9940094521700001,0.9585923217550275
2024-02-06,0.99279723930455,0.99387692217,0.9728519195612433
2024-02-07,1.00145047930455,1.0032444021700002,0.973308957952468
2024-02-08,1.00620497930455,1.00707820217,0.9794332723948812
2024-02-19,1.0096130093045501,1.00910797217,0.9796160877513712
2024-02-20,1.01153164930455,1.01237697217,0.9850091407678245
2024-02-21,1.01100649930455,1.01173185217,0.9884826325411336
2024-02-22,0.99889425010455,0.99926527297,0.9890310786106034
2024-02-23,0.9988450601045501,0.99930350297,0.9917733089579525
2024-02-26,0.9990994301045499,0.9994053529700001,0.9898537477148082
2024-02-27,0.9987963201045501,0.9993905429700001,0.9943327239488118
2024-02-28,0.99756202072775,0.9991308835932001,0.9852833638025594
2024-02-29,0.9978296707277501,0.9991502235932,0.989762340036563
2024-03-01,0.9978330916750301,0.9990727345404801,0.993510054844607
2024-03-04,0.9976392916750301,0.9990705145404801,0.9916819012797076
2024-03-05,0.9975829416750299,0.9990894945404801,0.9876599634369287
2024-03-06,0.99825923261887,0.99972765548432,0.987202925045704
2024-03-07,0.99805167315672,0.99950335602217,0.9890310786106034
2024-03-08,0.99827066857672,0.9993503514421701,0.9888482632541133
2024-03-11,0.99813116890082,0.99934849176627,0.9913162705667277
2024-03-12,0.9973048589008199,0.99939173176627,0.9899451553930531
2024-03-13,0.9934741096521399,0.99930423251759,0.9907678244972579
2024-03-14,0.99378100965214,0.99930423251759,0.9906764168190128
2024-03-15,0.99390376965214,0.99930423251759,0.9934186471663621
2024-03-18,0.99390469965214,0.99930423251759,0.9963436928702012
2024-03-19,0.99330112965214,0.99930423251759,0.997166361974406
2024-03-20,0.9940088596521399,0.99930423251759,1.0012797074954298
2024-03-21,0.99466264965214,0.99930423251759,1.003473491773309
2024-03-22,0.99382099965214,0.99930423251759,0.9990859232175503
2024-03-25,0.99346480965214,0.99930423251759,0.996709323583181
2024-03-26,0.9933448396521399,0.99930423251759,0.9960694698354663
2024-03-27,0.99292540965214,0.99930423251759,0.9896709323583182
2024-03-28,0.99288820965214,0.99930423251759,0.9938756855575869
2024-03-29,0.99304072965214,0.99930423251759,0.9952468007312615
2024-04-01,0.99052693965214,0.99930423251759,0.9988117001828154
2024-04-02,0.98934490965214,0.99930423251759,1.0010054844606948
2024-04-03,0.98748490965214,0.99930423251759,1.0025594149908592
2024-04-08,0.98452750965214,0.99930423251759,0.9992687385740403
2024-04-09,0.98613640965214,0.99930423251759,1.003656307129799
2024-04-10,0.98653630965214,0.99930423251759,1.0014625228519196
2024-04-11,0.98800477965214,0.99930423251759,1.003656307129799
2024-04-12,0.98867344965214,0.99930423251759,1.0048446069469836
2024-04-15,0.98732215965214,0.99930423251759,1.0035648994515538
2024-04-16,0.98461139535214,0.9962280884275899,0.9945155393053018
2024-04-17,0.9914603353521401,1.00325166842759,1.0047531992687386
2024-04-18,0.99443279535214,1.0062983384275899,1.0051188299817186
2024-04-19,0.9956039253521402,1.00748514842759,1.0037477148080438
2024-04-22,0.98647021773784,0.9982458194188,1.0010054844606948
2024-04-23,0.9867538677378399,0.9985691194187999,1.0019195612431444
2024-04-24,0.98740672773784,0.9993132394188,1.0050274223034734
2024-04-25,0.98928067773784,1.0014491394187999,1.0054844606946984
2024-04-26,0.98910769773784,1.0012519794188,1.0116087751371117
2024-04-29,0.98930392773784,1.0014756394187998,1.0149908592321755
2024-04-30,0.9891718677378399,1.0013251194188,1.0176416819012797
2024-05-06,0.98973730773784,1.0019695994188,1.0264168190127971
2024-05-07,0.99069799773784,1.0030645794188,1.0290676416819013
2024-05-08,0.9913675977378399,1.0038277794188,1.0245886654478977
2024-05-09,0.9921292677378399,1.0046959194187999,1.0324497257769654
2024-05-10,0.99196279773784,1.0045061794188,1.0347349177330896
2024-05-13,0.99170518773784,1.0042125594187998,1.0326325411334554
2024-05-14,0.99202417773784,1.0045761394188,1.033363802559415
2024-05-15,0.99212182773784,1.0046874394188,1.0322669104204754
2024-05-16,0.9927625977378399,1.0054177794188,1.0323583180987204
2024-05-17,0.9934396377378399,1.0061894594188,1.0344606946983548
2024-05-20,0.99377164773784,1.0065678794188,1.0385740402193784
2024-05-21,0.9909769977378401,1.0033825794188,1.036745886654479
2024-05-22,0.97457179773784,0.9846841794187999,1.0381170018281536
2024-05-23,0.96396886773784,0.9725991194187998,1.0320840950639854
2024-05-24,0.96818269773784,0.9774019794188,1.0318098720292506
2024-05-27,0.96734662773784,0.9764490394187999,1.0325411334552101
2024-05-28,0.9683314977378399,0.9775715794187999,1.03345521023766
2024-05-29,0.95978479773784,0.9678301794187999,1.0327239488117002
2024-05-30,0.96229579773784,0.9706921794187999,1.0323583180987204
2024-05-31,0.96396793773784,0.9725980594188,1.0322669104204754
2024-06-03,0.96192286773784,0.9702671194187998,1.023857404021938
2024-06-04,0.95569279773784,0.9631661794187999,1.0261425959780623
2024-06-05,0.96434179773784,0.9730241794187999,1.023491773308958
2024-06-06,0.95708593773784,0.9647540594188,1.0210237659963437
2024-06-07,0.96097519773784,0.9691869794187999,1.020932358318099
2024-06-11,0.96055204773784,0.9687046794187999,1.0219378427787935
2024-06-12,0.9637977477378399,0.9724040794187999,1.0247714808043877
2024-06-13,0.96448129773784,0.9731831794188,1.0222120658135283
2024-06-14,0.96439945773784,0.9730898994187999,1.0231261425959781
2024-06-17,0.9635977977378399,0.9721761794188,1.019744058500914
2024-06-18,0.96861979773784,0.9779001794187999,1.020932358318099
2024-06-19,0.96759028773784,0.9767267594187999,1.0169104204753199
2024-06-20,0.96536107773784,0.9741859394187999,1.0079524680073126
2024-06-21,0.95939512773784,0.9673860394188,1.0038391224862888
2024-06-24,0.9474762477378399,0.9538010794188,0.9868372943327239
2024-06-25,0.95701153773784,0.9646692594187999,0.9929616087751371
2024-06-26,0.96845425773784,0.9777114994188,1.0055758683729432
2024-06-27,0.97140979773784,0.9810801794187999,1.0014625228519196
2024-06-28,0.97038865773784,0.9799162994187999,1.003382084095064
2024-07-01,0.9759072777378399,0.9862063394188,1.009963436928702
2024-07-02,0.98382332170784,0.9861893058888,1.0083180987202927
2024-07-03,1.0000960771441398,0.9846877583991,1.0053930530164534
2024-07-04,0.9889134771441399,0.9802286883991,0.9972577696526509
2024-07-05,0.97959892714414,0.9817538283991001,0.9998171846435101
2024-07-08,0.9768724271441399,0.9783428083991,0.9913162705667277
2024-07-09,0.9722368971441399,0.9814159683991001,0.9973491773308958
2024-07-10,0.96998714714414,0.9789680683991001,0.9958866544789763
2024-07-11,0.9914020671441399,0.9802361883991001,1.0007312614259598
2024-07-12,0.9862936671441399,0.9790675783991001,0.9987202925045704
2024-07-15,1.0076415371441398,0.9782847283991,0.993510054844607
2024-07-16,1.02311282992773,0.9777302283991001,0.9927787934186473
2024-07-17,1.0352358125917298,0.9739751800051001,0.9863802559414991
2024-07-18,1.05276509259173,0.9744881800051001,0.9859232175502742
2024-07-19,1.03565738259173,0.9746122100051001,0.986745886654479
2024-07-22,1.0388272125917297,0.9728395800051001,0.9814442413162706
2024-07-23,0.9986670925917299,0.9687740800051001,0.9723948811700183
2024-07-24,1.00246613259173,0.9627147300051001,0.9642595978062157
2024-07-25,0.9992687025917298,0.9628558300051001,0.9636197440585009
2024-07-26,0.9928296925917299,0.9684112800051001,0.9726691042047533
2024-07-29,0.99858235259173,0.9666749600051001,0.9716636197440586
2024-07-30,0.9911651525917299,0.9669000300051002,0.9699268738574042
2024-07-31,0.9890020725917299,0.9712207000051001,0.9830895795246802
2024-08-01,0.9981316099517301,0.9729002901851002,0.9810786106032908
2024-08-02,0.9921805999517301,0.9724339001851002,0.976965265082267
2024-08-05,0.9866231399517301,0.9699449801851002,0.9688299817184645
2024-08-06,0.9885181899517301,0.9703961601851003,0.970292504570384
2024-08-07,0.98748201995173,0.9703713601851003,0.9724862888482633
2024-08-08,0.9863981899517301,0.9709273401851002,0.9715722120658136
2024-08-09,0.9848274699517301,0.9699669101851003,0.9706581352833639
2024-08-12,0.9816572299517301,0.9683531801851002,0.9654478976234003
2024-08-13,0.9814247699517301,0.9677914601851002,0.9638939670932358
2024-08-14,0.9771353999517302,0.9657114001851003,0.9596892138939672
2024-08-15,0.9741069399517301,0.9638966201851003,0.9569469835466179
2024-08-16,0.96394520995173,0.9605304601851002,0.9478062157221206
2024-08-19,0.96717702995173,0.9624914601851002,0.9527422303473492
2024-08-20,0.9603712499517301,0.9600062601851002,0.9436928702010969
2024-08-21,0.9589322699517301,0.9592349601851002,0.9429616087751372
2024-08-22,0.9572623799517301,0.9587896701851003,0.9373857404021939
2024-08-23,0.9590932699517302,0.9603847101851002,0.9395795246800731
2024-08-26,0.9676878499517301,0.9641487101851002,0.9459780621572212
2024-08-27,0.9639229899517301,0.9625166301851003,0.9446983546617918
2024-08-28,0.9669746299517301,0.9628190601851002,0.9440585009140767
2024-08-29,0.9684516799517302,0.9638815501851001,0.9502742230347351
2024-08-30,0.9731312999517301,0.9661649101851003,0.9596892138939672
2024-09-02,0.9623288350717303,0.9598247984951003,0.9519195612431445
2024-09-03,0.96302738507173,0.9607034684951002,0.9523765996343694
2024-09-04,0.9628974650717302,0.9603032884951004,0.9524680073126143
2024-09-05,0.97039753507173,0.9648436984951002,0.959872029250457
2024-09-06,0.96355841507173,0.9609069984951003,0.9553016453382085
2024-09-09,0.95815387507173,0.9572585684951003,0.9489031078610604
2024-09-10,0.9522432450717301,0.9528509084951002,0.946435100548446
2024-09-11,0.9472657650717301,0.9516692684951004,0.9427787934186472
2024-09-12,0.94607762507173,0.9514513884951002,0.9425045703839123
2024-09-13,0.9415777250717301,0.9474520384951002,0.9405850091407678
2024-09-18,0.93512596507173,0.9445565284951003,0.9362888482632542
2024-09-19,0.9411043450717301,0.9476439584951003,0.9429616087751372
2024-09-20,0.9335146450717301,0.9431840384951002,0.9394881170018282
2024-09-23,0.9337146050717301,0.9451675084951003,0.9372943327239488
2024-09-24,0.95911090507173,0.9562762384951001,0.9629798903107861
2024-09-25,0.9723334650717301,0.9638420384951002,0.9630712979890311
2024-09-26,0.9881546050717301,0.9704935384951002,0.9814442413162706
2024-09-27,1.00739089507173,0.9833714384951002,1.0082266910420474
2024-09-30,1.0464317950717301,1.0041324184951002,1.0258683729433273
2024-10-08,1.0895846450717301,1.0298103784951003,1.0393967093235832
2024-10-09,1.0304628450717301,0.9968774984951003,0.9928702010968922
2024-10-10,1.03578628507173,0.9975515284951002,0.9928702010968922
2024-10-11,1.0157082350717301,0.9852453284951003,0.9806215722120658
2024-10-14,1.02849332507173,0.9929119284951002,0.9983546617915906
2024-10-15,1.02525325507173,0.9917397184951002,0.996526508226691
2024-10-16,1.0271837050717303,0.9914843384951002,1.0016453382084096
2024-10-17,1.02717654507173,0.9934633584951001,1.0009140767824498
2024-10-18,1.0253908959230902,0.9930806861259902,1.0124314442413163
2024-10-21,1.0253908959230902,0.9930806861259902,1.0171846435100549
2024-10-22,1.0253908959230902,0.9930806861259902,1.019926873857404
2024-10-23,1.0253908959230902,0.9930806861259902,1.0229433272394883
2024-10-24,1.0253908959230902,0.9930806861259902,1.0120658135283362
2024-10-25,1.0253908959230902,0.9930806861259902,1.0214808043875687
2024-10-28,1.0253908959230902,0.9930806861259902,1.0262340036563071
2024-10-29,1.0253908959230902,0.9930806861259902,1.0178244972577697
2024-10-30,1.0253908959230902,0.9930806861259902,1.0177330895795247
2024-10-31,1.0253908959230902,0.9930806861259902,1.0177330895795247
2024-11-01,1.0253908959230902,0.9930806861259902,1.0159049360146253
2024-11-04,1.0253908959230902,0.9930806861259902,1.0223948811700183
2024-11-05,1.0253908959230902,0.9930806861259902,1.0317184643510056
2024-11-06,1.0253908959230902,0.9930806861259902,1.0309872029250458
2024-11-07,1.0253908959230902,0.9930806861259902,1.0410420475319926
2024-11-08,1.0253908959230902,0.9930806861259902,1.037111517367459
2024-11-11,1.0253908959230902,0.9930806861259902,1.0487202925045704
2024-11-12,1.0253908959230902,0.9930806861259902,1.0448811700182814
2024-11-13,1.0253908959230902,0.9930806861259902,1.0446983546617916
2024-11-14,1.0253908959230902,0.9930806861259902,1.034095063985375
2024-11-15,1.0253908959230902,0.9930806861259902,1.0280621572212065
2024-11-18,1.0253908959230902,0.9930806861259902,1.023948811700183
2024-11-19,1.0253908959230902,0.9930806861259902,1.029890310786106
2024-11-20,1.0253908959230902,0.9930806861259902,1.0353747714808044
2024-11-21,1.0253908959230902,0.9930806861259902,1.036654478976234
2024-11-22,1.0253908959230902,0.9930806861259902,1.0292504570383914
2024-11-25,1.0253908959230902,0.9930806861259902,1.027605118829982
2024-11-26,1.0253908959230902,0.9930806861259902,1.027605118829982
2024-11-27,1.0253908959230902,0.9930806861259902,1.0360146252285192
2024-11-28,1.0253908959230902,0.9930806861259902,1.0364716636197442
2024-11-29,1.0253908959230902,0.9930806861259902,1.0428702010968922
2024-12-02,1.03757885865309,1.0008679670659901,1.0487202925045704
2024-12-03,1.0419051586530903,1.00194668706599,1.04981718464351
2024-12-04,1.0297755186530901,0.9935333670659902,1.0440585009140768
2024-12-05,1.0400400686530902,0.9995512870659902,1.0477148080438756
2024-12-06,1.0512584386530903,1.0042382970659902,1.056946983546618
2024-12-09,1.0527797786530901,1.0042943770659902,1.0577696526508227
2024-12-10,1.0596363786530902,1.0071142570659903,1.0673674588665447
2024-12-11,1.0735187986530903,1.0158752770659902,1.073765996343693
2024-12-12,1.0775783186530903,1.01935036706599,1.0819926873857404
2024-12-13,1.0662260986530905,1.0133506170659903,1.0759597806215724
2024-12-16,1.0522090086530904,1.0054416370659902,1.0656307129798903
2024-12-17,1.0335588986530901,0.9968673170659902,1.059963436928702
2024-12-18,1.03861255865309,1.0000121370659902,1.0632541133455211
2024-12-19,1.0362153186530902,0.9989475970659901,1.0609689213893967
2024-12-20,1.04810898865309,1.0044496870659902,1.0662705667276051
2024-12-23,1.0296923386530903,0.9946703770659902,1.0609689213893967
2024-12-24,1.03348170865309,0.9964924570659902,1.0650822669104205
2024-12-25,1.02310583865309,0.9910837370659902,1.062705667276051
2024-12-26,1.0273998786530902,0.9914112970659902,1.0648994515539305
2024-12-27,1.0367189586530903,0.9951933370659902,1.0677330895795247
2024-12-30,1.0423127386530902,0.9978803570659901,1.0662705667276051
2024-12-31,1.03423620865309,0.9908914670659902,1.0582266910420475
2025-01-02,1.0261741486530902,0.9859566570659901,1.05
2025-01-03,1.0152087286530902,0.9833114670659902,1.0489945155393054
2025-01-06,1.0094970186530903,0.9772627470659903,1.046800731261426
2025-01-07,1.0237771086530902,0.9848619670659902,1.056581352833638
2025-01-08,1.0211712886530901,0.9832072070659902,1.0552102376599635
2025-01-09,1.0239735586530903,0.9849891170659901,1.056581352833638
2025-01-10,1.0189079086530903,0.9840219570659902,1.053290676416819
2025-01-13,1.0203562986530903,0.9851267870659901,1.053016453382084
2025-01-14,1.04004705865309,0.9994571870659902,1.0649908592321755
2025-01-15,1.0405164286530901,0.9993583170659902,1.0663619744058501
2025-01-16,1.0372531186530902,0.9963099870659903,1.064076782449726
2025-01-17,1.04476203865309,1.0015809870659902,1.0696526508226691
2025-01-20,1.05285033865309,1.00633565706599,1.073491773308958
2025-01-21,1.04875625865309,1.0052178270659902,1.0761425959780622
2025-01-22,1.04653634795309,1.0032833525959903,1.0744972577696528
2025-01-23,1.0477461879530903,1.00537122259599,1.0757769652650824
2025-01-24,1.0527694479530902,1.0068272925959902,1.079981718464351
2025-01-27,1.0437007279530903,1.0020893025959903,1.0747714808043876
2025-02-05,1.0429299548830901,1.0007974143659901,1.0783363802559416
2025-02-06,1.0512792204830903,1.00645184460599,1.086471663619744
2025-02-07,1.0564152804830904,1.00916286460599,1.0938756855575869
2025-02-10,1.0582864504830902,1.00988087460599,1.0942413162705669
2025-02-11,1.0537496704830902,1.00784592460599,1.0916819012797074
2025-02-12,1.05715109048309,1.00923119460599,1.0960694698354663
2025-02-13,1.0506408904830904,1.00701095460599,1.0955210237659962
2025-02-14,1.0517186304830901,1.00801392460599,1.0959780621572213
2025-02-17,1.0554142004830902,1.00919657460599,1.0959780621572213
2025-02-18,1.0479853704830902,1.00572046460599,1.0883912248628886
2025-02-19,1.0526331504830901,1.0079181746059902,1.0983546617915905
2025-02-20,1.0569695604830904,1.0125130246059901,1.1010054844606947
2025-02-21,1.0610814004830902,1.01549343460599,1.1114259597806218
2025-02-24,1.0602195604830904,1.0150733346059901,1.106946983546618
2025-02-25,1.0573792804830904,1.0138623846059902,1.1077696526508227
2025-02-26,1.0632764404830903,1.0162045846059902,1.116819012797075
2025-02-27,1.0605521304830903,1.01518536460599,1.1155393053016454
2025-02-28,1.0508861404830903,1.0107915846059903,1.0994515539305303
2025-03-03,1.04519761141309,1.0070429181059901,1.093601462522852
2025-03-04,1.05146138141309,1.0106107581059902,1.0988117001828155
2025-03-05,1.0514104814130902,1.01003334810599,1.1019195612431445
2025-03-06,1.0664681314130904,1.0182714481059902,1.1142595978062158
2025-03-07,1.06319620141309,1.0163221981059902,1.1150822669104206
2025-03-10,1.0671245814130903,1.01864637810599,1.1163619744058502
2025-03-11,1.0614887114130902,1.0157685081059902,1.113436928702011
2025-03-12,1.0641491871294904,1.01733390715059,1.1117001828153565
2025-03-13,1.0568994171294903,1.0136110771505902,1.1056672760511883
2025-03-14,1.0673331329344902,1.02093106639059,1.1159963436928702
2025-03-17,1.07415075293449,1.02495387639059,1.1173674588665448
2025-03-18,1.0770263029344902,1.02624560639059,1.120292504570384
2025-03-19,1.0674991429344902,1.02128335639059,1.1150822669104206
2025-03-20,1.0628605429344902,1.0183358963905902,1.1106946983546617
2025-03-21,1.0539597429344902,1.01450559639059,1.103016453382084
2025-03-24,1.0457755829344901,1.01179782639059,1.097074954296161
2025-03-25,1.06163982293449,1.01739078639059,1.0994515539305303
2025-03-26,1.0632592229344902,1.01931700639059,1.103656307129799
2025-03-27,1.0582612729344905,1.01842231639059,1.1035648994515541
2025-03-28,1.0534608929344902,1.01570108639059,1.099542961608775
2025-03-31,1.0507777829344904,1.01376321639059,1.0925045703839122
2025-04-01,1.0563052590544904,1.0165212803905899,1.0957038391224863
2025-04-02,1.0585436341544903,1.0174045896865902,1.0975319926873857
2025-04-03,1.0550577741544904,1.01607960968659,1.0937842778793418
2025-04-07,0.9949631941544903,0.9874535296865901,1.0480804387568556
2025-04-08,1.0047835641544902,0.99504899968659,1.0591407678244973
2025-04-09,1.0194746141544901,1.00173496968659,1.0717550274223036
2025-04-10,1.0475023503361502,1.0093840696865901,1.080438756855576
2025-04-11,1.0440212003361502,1.00710673968659,1.076508226691042
2025-04-14,1.0463036303361501,1.01010950968659,1.0795246800731262
2025-04-15,1.0406620503361501,1.0070798296865902,1.0745886654478978
2025-04-16,1.0330799503361503,1.00260057968659,1.070201096892139
2025-04-17,1.0368777903361504,1.0053142096865901,1.0715722120658135
2025-04-18,1.0384873903361502,1.0049436296865901,1.0708409506398537
2025-04-21,1.0426253303361501,1.0076511396865901,1.0740402193784278
2025-04-22,1.04762086033615,1.01127688968659,1.0762340036563072
2025-04-23,1.0514423403361504,1.01334110968659,1.0827239488117002
2025-04-24,1.05035105033615,1.01110252968659,1.0784277879341866
2025-04-25,1.0544553803361503,1.01064277968659,1.080164533820841
2025-04-28,1.0489446403361502,1.0063759396865901,1.073948811700183
2025-04-29,1.0506525003361502,1.00979375968659,1.0778793418647166
2025-04-30,1.04911948033615,1.00950244968659,1.0810786106032908
2025-05-06,1.07428890701615,1.0175917541465902,1.0878427787934186
2025-05-07,1.07796489701615,1.0184618241465901,1.0894881170018282
2025-05-08,1.0833559570161502,1.0217726841465902,1.0959780621572213
2025-05-09,1.0736081270161502,1.0173548241465902,1.0916819012797074
2025-05-12,1.0788011570161502,1.0214795941465902,1.1001828153564899
2025-05-13,1.0800507870161502,1.0203152741465902,1.099360146252285
2025-05-14,1.0770021970161503,1.0202433341465902,1.0986288848263255
2025-05-15,1.0723128570161502,1.0180412941465902,1.0946069469835467
2025-05-16,1.0758214270161501,1.0247697441465902,1.0961608775137113
2025-05-19,1.0724700927250503,1.02571175414659,1.0961608775137113
2025-05-20,1.0790821227250502,1.02755816414659,1.1010054844606947
2025-05-21,1.0732479827250503,1.0242700041465902,1.103290676416819
2025-05-22,1.06629764272505,1.0212200741465902,1.0976234003656307
2025-05-23,1.0622425227250503,1.01872821414659,1.0957952468007313
2025-05-26,1.0610803227250503,1.01877809414659,1.0924131627056675
2025-05-27,1.0583143827250503,1.01703242414659,1.0914076782449726
2025-05-28,1.0586533727250502,1.0168870941465902,1.0915904936014627
2025-05-29,1.06595607272505,1.02227569414659,1.0981718464351005
2025-05-30,1.0654057427250503,1.01999408414659,1.0980804387568557
2025-06-03,1.0724511480250503,1.0202445088365901,1.09963436928702
2025-06-04,1.0824640780250503,1.0229898688365902,1.1063985374771481
2025-06-05,1.0806970180250504,1.0236393988365902,1.1086837294332723
2025-06-06,1.0793327780250501,1.02503763883659,1.1090493601462523
2025-06-09,1.0868412280250503,1.0263057688365902,1.113619744058501
2025-06-10,1.0835075680250505,1.0225128088365902,1.1115173674588665
2025-06-11,1.0868369280250503,1.0259245088365903,1.1130712979890311
2025-06-12,1.0867440480250505,1.0259081088365902,1.113802559414991
2025-06-13,1.0728091280250505,1.02147357883659,1.110420475319927
2025-06-16,1.0749439480250504,1.0211958188365902,1.1124314442413163
2025-06-17,1.0744280480250505,1.0222255088365901,1.1123400365630713
2025-06-18,1.0722255280250503,1.0203650988365902,1.1129798903107861
2025-06-19,1.0623044980250504,1.0166121688365901,1.1082266910420477
2025-06-20,1.0608610980250504,1.0164100288365903,1.1067641681901281
2025-06-23,1.0691427980250505,1.0204260588365903,1.1119744058500913
2025-06-24,1.0766043980250504,1.0237486388365902,1.120109689213894
2025-06-25,1.0839544180250502,1.0280933988365901,1.1325411334552102
2025-06-26,1.0824919180250505,1.0267956688365902,1.129981718464351
2025-06-27,1.0865633480250505,1.02906086883659,1.1311700182815356
2025-06-30,1.0907626380250504,1.0309834888365903,1.1340950639853749
2025-07-01,1.0922467724350504,1.0325497483965902,1.1389396709323585
2025-07-02,1.0854053124350505,1.0292808183965902,1.1356489945155392
2025-07-03,1.0922676824350501,1.03215996839659,1.1415904936014627
2025-07-04,1.0882482324350504,1.0299894883965903,1.1414990859232175
2025-07-07,1.0855275824350505,1.0306489283965903,1.139762340036563
2025-07-08,1.0961646524350503,1.03578898839659,1.1477148080438757
2025-07-09,1.0904107724350505,1.03292947839659,1.1478976234003657
2025-07-10,1.0937917824350503,1.0342267783965902,1.1528336380255941
2025-07-11,1.0960281424350502,1.0360011883965903,1.1524680073126143
2025-07-14,1.0922250024350504,1.0348208883965901,1.147257769652651
2025-07-15,1.0873243424350503,1.0323971883965903,1.1455210237659963
2025-07-16,1.0918358024350503,1.03462681839659,1.146435100548446
2025-07-17,1.1016371024350506,1.0392783883965901,1.1545703839122488
2025-07-18,1.1052307740666503,1.0413175256141902,1.1576782449725778
2025-07-21,1.1194182040666503,1.0470674356141902,1.1675502742230348
2025-07-22,1.1274697040666501,1.0506466156141903,1.173583180987203
2025-07-23,1.1246862440666505,1.0488146856141902,1.1744972577696526
2025-07-24,1.1359351540666505,1.0548320156141902,1.1825411334552103
2025-07-25,1.1394614040666502,1.05925516561419,1.183912248628885
2025-07-28,1.1284548440666502,1.0554220956141902,1.1748628884826327
2025-07-29,1.1300951640666501,1.0579046456141903,1.1780621572212067
2025-07-30,1.1298013340666504,1.0587686056141903,1.1754113345521024
2025-07-31,1.1158429740666502,1.0524166356141902,1.1685557586837296
2025-08-01,1.1205886044366504,1.0540987486141902,1.166819012797075
2025-08-04,1.1301685644366504,1.0583690986141903,1.176508226691042
2025-08-05,1.1447222444366505,1.0697059586141902,1.1846435100548447
2025-08-06,1.1492234444366505,1.0719450786141902,1.193510054844607
2025-08-07,1.1329652335052505,1.06157199413229,1.1927787934186471
2025-08-08,1.1346142535052506,1.0597881941322904,1.1892138939670933
2025-08-11,1.1413387321852506,1.0612989900722902,1.1988117001828154
2025-08-12,1.1375750121852504,1.05947219007229,1.1987202925045706
2025-08-13,1.1434653515438404,1.0622709250188302,1.206581352833638
2025-08-14,1.1333065415438404,1.0592901350188302,1.2016453382084096
2025-08-15,1.1405536315438405,1.0618241350188302,1.2106946983546618
2025-08-18,1.1487143915438405,1.0632455350188301,1.2240402193784279
2025-08-19,1.1485470815438406,1.0622253050188302,1.2247714808043875
2025-08-20,1.1501738215438406,1.0623456950188301,1.2300731261425961
2025-08-21,1.1534546315438405,1.06425729501883,1.233912248628885
2025-08-22,1.1599890615438404,1.0668285550188301,1.2487202925045704
2025-08-25,1.1625562015438407,1.0676173750188303,1.2521023765996344
2025-08-26,1.1631200506881205,1.06837648501883,1.2493601462522852
2025-08-27,1.1428801806881204,1.0633510850188301,1.216270566727605
2025-08-28,1.1405954006881207,1.06362584501883,1.2161791590493602
2025-08-29,1.1354713306881203,1.06269127501883,1.210054844606947
2025-09-01,1.1311026106881206,1.06163651501883,1.1993601462522854
2025-09-02,1.1251790406881206,1.0597703950188302,1.1926873857404023
2025-09-03,1.1285574506881204,1.06196421501883,1.1942413162705667
2025-09-04,1.1284165406881206,1.06183354501883,1.1942413162705667
2025-09-05,1.1451051006881205,1.0667125850188302,1.220109689213894
2025-09-08,1.1502304406881205,1.0674101050188303,1.2254113345521025
2025-09-09,1.1462633806881206,1.0676641950188301,1.2122486288848264
2025-09-10,1.1374040006881203,1.0649332650188301,1.2053016453382084
2025-09-11,1.1433905106881206,1.06516145501883,1.2216636197440587
2025-09-12,1.1467433806881207,1.0665234050188301,1.2208409506398539
2025-09-15,1.1427174906881206,1.06502873501883,1.2117001828153566
2025-09-16,1.1445986217781208,1.0676816617788303,1.210054844606947
2025-09-17,1.1451561476298806,1.0645060158822701,1.2185557586837295
2025-09-18,1.1422378076298805,1.0651995258822702,1.2109689213893966
2025-09-19,1.1443210640308803,1.0677132695342704,1.2026508226691042
2025-09-22,1.1375571540308804,1.0635864195342701,1.20018281535649
2025-09-23,1.1315513240308803,1.05926671953427,1.197531992687386
2025-09-24,1.1402319110263806,1.0638685233372702,1.2153564899451554
2025-09-25,1.1409675710263807,1.06360875333727,1.2183729433272397
2025-09-26,1.1417666410263805,1.0651514833372702,1.2140767824497258
2025-09-29,1.1497237710263806,1.06880200333727,1.2255941499085923
2025-09-30,1.1549404710263806,1.07109341333727,1.2324497257769653
2025-10-09,1.1587645771163806,1.0701811321772703,1.2394881170018281
2025-10-10,1.1633891519125403,1.0733909453737103,1.2316270566727605
2025-10-13,1.1591210419125406,1.0717045453737104,1.2292504570383913
2025-10-14,1.1550037019125405,1.0709484453737101,1.2177330895795246
2025-10-15,1.1581296819125404,1.0719175453737104,1.2267824497257769
2025-10-16,1.1533744119125404,1.0699517453737102,1.2193784277879343
2025-10-17,1.1473537119125405,1.0683089853737102,1.2082266910420476
2025-10-20,1.1507267719125405,1.0711079453737102,1.2088665447897624
2025-10-21,1.1571957319125405,1.0724841853737102,1.2177330895795246
2025-10-22,1.1565906319125403,1.0715363253737102,1.2156307129798902
2025-10-23,1.1590545419125404,1.0717997053737103,1.2180073126142597
2025-10-24,1.1589545519125406,1.0713431853737103,1.223217550274223
2025-10-27,1.1647009219125404,1.0738149453737103,1.2318098720292505
2025-10-28,1.1632415319125406,1.0730919053737102,1.2278793418647167
2025-10-29,1.1684171719125405,1.0741567653737103,1.2407678244972578
2025-10-30,1.1613731119125406,1.0725768653737102,1.2315356489945157
2025-10-31,1.1625674619125406,1.0738557653737104,1.2323583180987203
2025-11-03,1.1626934249025407,1.0736535549737103,1.2342778793418647
2025-11-04,1.1464047949025407,1.06137058497371,1.2287020109689215
2025-11-05,1.1525542149025405,1.0655062949737102,1.2345521023765997
2025-11-06,1.1667008049025405,1.0714084549737102,1.2395795246800732
2025-11-07,1.1642350549025406,1.0688589749737103,1.2414076782449726
2025-11-10,1.1605683949025407,1.0597360749737104,1.249908592321755
2025-11-11,1.1712001500481404,1.0685750984941103,1.247166361974406
2025-11-12,1.1710139800481405,1.0648643984941102,1.243601462522852
2025-11-13,1.1925547600481405,1.07395328849411,1.2562157221206582
2025-11-14,1.1839019300481404,1.07154587849411,1.2497257769652652
2025-11-17,1.2027757800481405,1.0873176284941102,1.2480804387568556
2025-11-18,1.1784984244281405,1.0676333227441102,1.243418647166362
2025-11-19,1.1817787444281407,1.0705988227441101,1.2457038391224864
2025-11-20,1.1787245944281406,1.0703594827441103,1.240402193784278
2025-11-21,1.1673920593895806,1.06617365655467,1.2308957952468007
2025-11-24,1.1672911093895804,1.0654077565546702,1.2298903107861061
2025-11-25,1.1759857039455803,1.0719785505346702,1.2317184643510055
2025-11-26,1.1729299239455806,1.0719785505346702,1.2218464351005487
2025-11-27,1.1703469739455805,1.0719785505346702,1.2155393053016454
2025-11-28,1.1745965139455805,1.0719785505346702,1.2238574040219379
2025-12-01,1.1772546164055806,1.0701196206346704,1.2249542961608775
2025-12-02,1.1721342964055808,1.0666639606346702,1.2184643510054844
2025-12-03,1.1718783164055806,1.06535557063467,1.2163619744058503
2025-12-04,1.1655262764055807,1.0626707906346704,1.2128884826325412
2025-12-05,1.1768404064055804,1.0689240406346703,1.2255027422303475
2025-12-08,1.1814368964055806,1.0722163606346702,1.2291590493601463
2025-12-09,1.1693499164055805,1.0675769306346703,1.222943327239488
2025-12-10,1.1742872097265804,1.0710984444436702,1.227330895795247
2025-12-11,1.1655618997265806,1.06471089444367,1.2226691042047533
2025-12-12,1.1659270125795802,1.06242320763317,1.226873857404022
2025-12-15,1.1704959156445804,1.0666281109781701,1.2237659963436929
2025-12-16,1.1643354556445806,1.06320284097817,1.217184643510055
2025-12-17,1.1781478388087405,1.07137358476377,1.2283363802559417
2025-12-18,1.1804688788087405,1.07138065476377,1.2283363802559417
2025-12-19,1.1837785488087404,1.07139580476377,1.233546617915905
2025-12-22,1.1830611088087406,1.07138267476377,1.2397623400365632
2025-12-23,1.1810531088087406,1.0713927747637702,1.2363802559414991
2025-12-24,1.1819174488087403,1.07139883476377,1.2445155393053018
2025-12-25,1.1848967288087406,1.07142206476377,1.2511882998171848
2025-12-26,1.1837169288087404,1.07142509476377,1.249908592321755
2025-12-29,1.1838471423187404,1.0714451878047702,1.246435100548446
2025-12-30,1.1832949823187404,1.0714451878047702,1.2492687385740402
2025-12-31,1.1858914923187405,1.0714451878047702,1.2489031078610604
2026-01-05,1.222497131328741,1.08472906404477,1.267367458866545
2026-01-06,1.2331777713287408,1.0904959740447702,1.2855575868372944
2026-01-07,1.235259411328741,1.09073751404477,1.2889396709323584
2026-01-08,1.242365451328741,1.0919331940447703,1.2920475319926874
2026-01-09,1.2714262413287407,1.10726324404477,1.3047531992687385
2026-01-12,1.308178351328741,1.1141626140447702,1.320658135283364
2026-01-13,1.2943453213287408,1.10381899404477,1.3076782449725777
2026-01-14,1.3053535413287407,1.1038408240447701,1.3092321755027423
2026-01-15,1.3085864613287408,1.1044413840447702,1.3133455210237661
2026-01-16,1.3181094113287406,1.1154329440447701,1.3166361974405851
2026-01-19,1.3174052113287409,1.11814013404477,1.3258683729433274
2026-01-20,1.3025158013287408,1.1190019640447701,1.3164533820840951
2026-01-21,1.3140530913287407,1.1189492240447703,1.323674588665448
2026-01-22,1.3373349313287408,1.1309141540447702,1.3382084095063986
2026-01-23,1.3538550113287406,1.1374630240447703,1.3553016453382085
2026-01-26,1.3536824013287407,1.1466036440447704,1.3406764168190128
2026-01-27,1.3528509613287407,1.1464393140447704,1.3446069469835467
2026-01-28,1.3768441213287408,1.16508155404477,1.3579524680073127
2026-01-29,1.374552431328741,1.16524959404477,1.3450639853747715
2026-01-30,1.350530791328741,1.1596283640447702,1.3225776965265081
2026-02-02,1.342512407898741,1.1587717270747702,1.290402193784278
2026-02-03,1.3637788240387407,1.1713397125347704,1.3220292504570383
2026-02-04,1.3424222040387406,1.1529673425347702,1.320383912248629
2026-02-05,1.3412505340387406,1.1516077025347704,1.3120658135283363
2026-02-06,1.3469142640387406,1.1549275825347705,1.3186471663619745
2026-02-09,1.3600956540387408,1.1630731425347705,1.3377513711151736
2026-02-10,1.3562328100777408,1.1603573770087703,1.333363802559415
2026-02-11,1.3703895200777407,1.1685168270087702,1.3349177330895796
2026-02-12,1.3706183600777406,1.1700282870087704,1.343510054844607
2026-02-13,1.3638905060802604,1.1641627816830704,1.3362888482632542
2026-02-24,1.3739341060802606,1.1679425816830704,1.3471663619744059
2026-02-25,1.3739097460802607,1.1683255516830704,1.3452468007312615
2026-02-26,1.3636901060802606,1.1624309716830703,1.3337294332723948
2026-02-27,1.3636446660802606,1.1619902016830703,1.3341864716636198
2026-03-02,1.3739673301902606,1.1740536515030702,1.3285191956124316
2026-03-03,1.331252524740261,1.1503601166930701,1.306672760511883
2026-03-04,1.3144918847402607,1.1412127566930703,1.3052102376599635
2026-03-05,1.3151564747402607,1.1394903866930701,1.3020109689213895
2026-03-06,1.3355780397942607,1.1501862615920702,1.3071297989031079
2026-03-09,1.3433511938792606,1.1589179615920704,1.300091407678245
2026-03-10,1.3575044882567606,1.1614390915920703,1.3113345521023767
2026-03-11,1.3609242082567607,1.1608687215920703,1.3164533820840951
2026-03-12,1.3609316172908006,1.1594234910769903,1.3015539305301647
2026-03-13,1.3598773572908007,1.1594234910769903,1.2890310786106034
2026-03-16,1.3644795272908006,1.1594234910769903,1.2842778793418648
2026-03-17,1.3652467772908006,1.1594234910769903,1.2647166361974407
2026-03-18,1.366667847290801,1.1594234910769903,1.280530164533821
2026-03-19,1.3555300272908006,1.1594234910769903,1.2592321755027422
2026-03-20,1.3502256672908006,1.1594234910769903,1.2497257769652652
2026-03-23,1.3474232572908007,1.1594234910769903,1.2410420475319928
2026-03-24,1.3536553472908006,1.1594234910769903,1.2659049360146253
2026-03-25,1.3616317572908008,1.1594234910769903,1.2762340036563071
2026-03-26,1.3574908172908007,1.1594234910769903,1.259963436928702
2026-03-27,1.3573835372908007,1.1594234910769903,1.2651736745886655
2026-03-30,1.3520818372908006,1.1594234910769903,1.2551188299817184
2026-03-31,1.345463557290801,1.1594234910769903,1.2350091407678245
2026-04-01,1.3615078671408007,1.1634113297169901,1.2586837294332724
2026-04-02,1.3425388445644006,1.1561299690869902,1.2461608775137112
2026-04-03,1.3391304004250106,1.1526652937936304,1.2491773308957954
2026-04-07,1.3509530104250107,1.1616426937936302,1.2520109689213894
2026-04-08,1.3680715304250106,1.1636186137936304,1.2922303473491774
2026-04-09,1.3557215204250106,1.1582147837936303,1.2864716636197442
2026-04-10,1.3540615861330108,1.1617353289956305,1.2778793418647167
2026-04-13,1.3520382061330107,1.1610471589956304,1.272943327239488
2026-04-14,1.3565147561330106,1.1612064889956304,1.287020109689214
2026-04-15,1.3542225261330105,1.1600753589956303,1.2841864716636198
2026-04-16,1.3580105261330107,1.1601759289956302,1.3055758683729433
2026-04-17,1.3556838361330106,1.1589419689956302,1.310694698354662
2026-04-20,1.3565775861330107,1.1599826989956303,1.3076782449725777
2026-04-21,1.3542858761330108,1.1590086389956304,1.3051188299817185
2026-04-22,1.3547432461330107,1.1589317989956303,1.313619744058501
2026-04-23,1.3509910661330107,1.1578741189956303,1.3059414990859233
2026-04-24,1.3524350561330107,1.1616426689956305,1.3021023765996345
2026-04-27,1.3526158561330106,1.1609081689956304,1.3071297989031079
2026-04-28,1.3513299161330108,1.1601397689956303,1.296800731261426
2026-04-29,1.3549789983372906,1.1588469337356302,1.3080438756855577
2026-04-30,1.3515330383372908,1.1588469337356302,1.306489945155393
2026-05-06,1.3519117983372906,1.1588469337356302,1.3244972577696528
2026-05-07,1.3536274983372907,1.1588469337356302,1.3246800731261428
2026-05-08,1.3500485783372906,1.1588469337356302,1.3242230347349178
2026-05-11,1.3466540983372908,1.1588469337356302,1.3285191956124316
2026-05-12,1.3364296683372907,1.1588469337356302,1.3155393053016453
2026-05-13,1.3338588083372909,1.1588469337356302,1.320201096892139
2026-05-14,1.3240937783372906,1.1588469337356302,1.3008226691042049
2026-05-15,1.3174306483372906,1.1588469337356302,1.2906764168190128
2026-05-18,1.3115367783372904,1.1588469337356302,1.289945155393053
2026-05-19,1.3180091383372907,1.1588469337356302,1.3117915904936015
2026-05-20,1.3113925283372905,1.1588469337356302,1.3048446069469837
2026-05-21,1.3111234283372903,1.1588469337356302,1.2893967093235832
2026-05-22,1.3047295483372905,1.1588469337356302,1.2918647166361974
2026-05-25,1.3051783483372905,1.1588469337356302,1.2941499085923218
2026-05-26,1.3055741583372904,1.1588469337356302,1.290127970749543
2026-05-27,1.3029871483372906,1.1588469337356302,1.280438756855576
2026-05-28,1.3045830283372906,1.1588469337356302,1.2911334552102378
2026-05-29,1.3072032563272906,1.1582724407156304,1.2797074954296161
2026-06-01,1.3185575400872909,1.1660521587356303,1.2830895795246802
2026-06-02,1.321927440087291,1.1724205387356303,1.2907678244972578
2026-06-03,1.3134169300872907,1.1665896187356306,1.287294332723949
2026-06-04,1.3023744500872907,1.1630716287356304,1.2796160877513711
2026-06-05,1.3014038700872907,1.1603955287356302,1.2749542961608775
2026-06-08,1.3023820500872907,1.1625428087356304,1.2636197440585009
2026-06-09,1.3099730900872908,1.1709501487356304,1.2730347349177331
2026-06-10,1.2973562604980906,1.1653141135452303,1.2586837294332724
2026-06-11,1.2806964105647909,1.1476567684614505,1.2627056672760513
2026-06-12,1.284626100109791,1.1460828936164504,1.2732175502742231
2026-06-15,1.2906061001097908,1.1479598436164504,1.2945155393053018
2026-06-16,1.2929376901097909,1.1453548236164504,1.299725776965265
2026-06-17,1.2945349401097908,1.1505516036164505,1.2941499085923218
2026-06-18,1.2969233297297909,1.1567620892264503,1.2858318098720294
2026-06-22,1.2981713197297906,1.1568732692264505,1.28327239488117
2026-06-23,1.295347429729791,1.1565754292264503,1.273583180987203
2026-06-24,1.2948283697297909,1.1567284292264504,1.2785191956124315
2026-06-25,1.2942310197297908,1.1562969692264504,1.269835466179159
