trade_date,Config_0_Baseline,Config_1_TCC,Config_2_GBDT_OOS,Config_4b_3Tier_Timing,Config_5_Portfolio_80_20
2024-01-02,1.0,1.0,1.0,1.0,1.0
2024-01-03,0.99982655966,1.0,1.0,1.0,1.0
2024-01-04,0.99986227966,0.9999165430399999,0.9999165430399999,0.9999165430399999,0.999983308608
2024-01-05,0.9960875776600001,0.9961174010399999,0.9961174010399999,0.9961174010399999,0.999223480208
2024-01-08,0.9923025776600001,0.9922555306599999,0.9922555306599999,0.9922555306599999,0.998451106132
2024-01-09,0.9931200336600002,0.9931914706599999,0.9931914706599999,0.9929810516599998,0.9985962103320001
2024-01-10,0.9919160529400002,0.99213353066,0.99213353066,0.9920133516599999,0.998402670332
2024-01-11,0.9918265329400002,0.9918575072799999,0.9918575072799999,0.9919260116599998,0.998385202332
2024-01-12,0.9898644091500002,0.9901040880799999,0.9901040880799999,0.99012824216,0.998025648432
2024-01-15,0.9896376366300003,0.98998596204,0.98998596204,0.9900299284999999,0.9980059857000001
2024-01-16,0.9884611743400004,0.99001416204,0.99001416204,0.9900407285,0.9980081457000001
2024-01-17,0.9855258431400004,0.9899709220400001,0.9899709220400001,0.9900249484999999,0.9980049897000001
2024-01-18,0.9841363589400004,0.9896333685500003,0.9896333685500003,0.98990729654,0.9979814593080001
2024-01-19,0.9842588289400004,0.9896598085500002,0.9896598085500002,0.9897309199900001,0.9979461839980001
2024-01-22,0.9842658062900005,0.9895663148900002,0.9895663148900002,0.9897099829,0.99794199658
2024-01-23,0.9848434999000003,0.9895515148900003,0.9895515148900003,0.9896933429,0.99793866858
2024-01-24,0.9849123549400003,0.9895111820900002,0.9895111820900002,0.9896471121,0.99792942242
2024-01-25,0.9807346897960002,0.9873820043660002,0.9873820043660002,0.9893648566608001,0.9978729713321601
2024-01-26,0.9800461175160002,0.9873998643660002,0.9873998643660002,0.987411144436,0.9974822288872001
2024-01-29,0.9807731227182803,0.9872092530460002,0.9872092530460002,0.9872235893060001,0.9974447178612
2024-01-30,0.980244828375358,0.9872167730460002,0.9872167730460002,0.9872311093060001,0.9974462218612001
2024-01-31,0.9774523775816003,0.9872224130460002,0.9872224130460002,0.987236749306,0.9974473498612001
2024-02-01,0.9756281335416003,0.9872318130460002,0.9872318130460002,0.9873171814760001,0.9974634362952001
2024-02-02,0.9765079934916002,0.9871331760260001,0.9871331760260001,0.9869469544560001,0.9973893908912
2024-02-05,0.9704153115292903,0.9843017327964002,0.9843017327964002,0.9845590747964001,0.99691181495928
2024-02-06,0.9715804404354003,0.9850091327964002,0.9850091327964002,0.9848117947964001,0.9969623589592801
2024-02-07,0.9793550432354005,0.9839249599364002,0.9839249599364002,0.9845433047964002,0.9969086609592801
2024-02-08,0.9815191461354004,0.9849112422464001,0.9849112422464001,0.9844770121164,0.9968954024232801
2024-02-19,0.9823968652154005,0.9864124622464002,0.9864124622464002,0.9844873421164001,0.9968974684232801
2024-02-20,0.9819943099554004,0.9856650231764003,0.9856650231764003,0.9845460429164001,0.99690920858328
2024-02-21,0.9812513123254005,0.9853633980864002,0.9853633980864002,0.9844573129164002,0.9968914625832801
2024-02-22,0.9813192324454004,0.9853022292964002,0.9853022292964002,0.9844488629164002,0.9968897725832802
2024-02-23,0.9810740424454005,0.9848612043564003,0.9848612043564003,0.9842983000364002,0.9968596600072801
2024-02-26,0.9811115056454004,0.9846309043564002,0.9846309043564002,0.9841234600364003,0.9968246920072801
2024-02-27,0.9807109356454006,0.9840447387964001,0.9840447387964001,0.9840254155364002,0.9968050831072801
2024-02-28,0.9786418666154004,0.9823483912164003,0.9823483912164003,0.9840268555364002,0.9968053711072801
2024-02-29,0.9792263743654004,0.9827353013064004,0.9827353013064004,0.9842875648864001,0.9968575129772801
2024-03-01,0.9794319243654005,0.9827596049864005,0.9827596049864005,0.9842711726464001,0.9968542345292801
2024-03-04,0.9789641603654003,0.9821201449864004,0.9821201449864004,0.983712137789,0.9967424275578001
2024-03-05,0.9781208703654003,0.9813222542264004,0.9813222542264004,0.9820994554984002,0.9964198910996801
2024-03-06,0.9756356876514002,0.9809714130264003,0.9809714130264003,0.9818258466984001,0.9963651693396801
2024-03-07,0.9736023979152002,0.9787330886604003,0.9787330886604003,0.9790473604244001,0.99580947208488
2024-03-08,0.9735707979152003,0.9767511866142004,0.9767511866142004,0.9770030615380001,0.9954006123076
2024-03-11,0.9684437948352003,0.9735100451142004,0.9735100451142004,0.9737629695380002,0.9947525939076001
2024-03-12,0.9650958594752003,0.9681707518242004,0.9681707518242004,0.9702736576520001,0.9940547315304
2024-03-13,0.9581249544072004,0.9631248252242004,0.9631248252242004,0.9650911200634461,0.9930182240126892
2024-03-14,0.9595866544072004,0.9626605867562004,0.9626605867562004,0.9628938511100001,0.9925787702220001
2024-03-15,0.9587586744072004,0.9618197767562005,0.9618197767562005,0.9620543611100002,0.9924108722220001
2024-03-18,0.9573146377272003,0.9603576357962005,0.9603576357962005,0.9605922301500002,0.9921184460300001
2024-03-19,0.9598322613072002,0.9629094099462004,0.9629094099462004,0.9631421643000002,0.9926284328600001
2024-03-20,0.9604463513072001,0.9635298599462004,0.9635298599462004,0.9637626143000002,0.99275252286
2024-03-21,0.9592789758672001,0.9628594699462005,0.9628594699462005,0.9630922243000001,0.9926184448600001
2024-03-22,0.9582241758672001,0.9627295199462004,0.9627295199462004,0.9629622743000001,0.99259245486
2024-03-25,0.9583983526872003,0.9617610971862005,0.9617610971862005,0.9619938515400002,0.9923987703080001
2024-03-26,0.9551780360872002,0.9593728516862005,0.9593728516862005,0.9596056060400001,0.9919211212080001
2024-03-27,0.9528909560872002,0.9575904516862005,0.9575904516862005,0.95782320604,0.991564641208
2024-03-28,0.9546693729272003,0.9589259857662006,0.9589259857662006,0.9591587401200002,0.9918317480240001
2024-03-29,0.9550368521272002,0.9590963279662004,0.9590963279662004,0.95932908232,0.9918658164640001
2024-04-01,0.9528614425432003,0.9568938883822006,0.9568938883822006,0.9571266427360002,0.9914253285472001
2024-04-02,0.9455774925432002,0.9495972283822005,0.9495972283822005,0.9498299827360001,0.9899659965472001
2024-04-03,0.9453889925432003,0.9493887283822005,0.9493887283822005,0.9496214827360001,0.9899242965472
2024-04-08,0.9450158829432003,0.9500536107022005,0.9500536107022005,0.9502863650560002,0.9900572730112001
2024-04-09,0.9453856329432003,0.9498624492022006,0.9498624492022006,0.9500952035560003,0.9900190407112002
2024-04-10,0.9444233829432003,0.9489001992022006,0.9489001992022006,0.9491329535560002,0.9898265907112
2024-04-11,0.9484043829432003,0.9528811992022006,0.9528811992022006,0.9531139535560003,0.9906227907112001
2024-04-12,0.9521221329432003,0.9565989492022007,0.9565989492022007,0.9568317035560002,0.9913663407112001
2024-04-15,0.9527310354432003,0.9598374492022006,0.9598374492022006,0.9600702035560003,0.9920140407112001
2024-04-16,0.9527310354432003,0.9596946124522007,0.9596946124522007,0.9599273668060002,0.9919854733612001
2024-04-17,0.9527310354432003,0.9596946124522007,0.9596946124522007,0.9599273668060002,0.9919854733612001
2024-04-18,0.9527310354432003,0.9596946124522007,0.9596946124522007,0.9599273668060002,0.9919854733612001
2024-04-19,0.9527310354432003,0.9596946124522007,0.9596946124522007,0.9599273668060002,0.9919854733612001
2024-04-22,0.9527310354432003,0.9596946124522007,0.9596946124522007,0.9599273668060002,0.9919854733612001
2024-04-23,0.9527310354432003,0.9596946124522007,0.9596946124522007,0.9599273668060002,0.9919854733612001
2024-04-24,0.9527310354432003,0.9596946124522007,0.9596946124522007,0.9599273668060002,0.9919854733612001
2024-04-25,0.9527310354432003,0.9596946124522007,0.9596946124522007,0.9599273668060002,0.9919854733612001
2024-04-26,0.9527310354432003,0.9596946124522007,0.9596946124522007,0.9599858516060003,0.9919971703212
2024-04-29,0.9527310354432003,0.9596946124522007,0.9596946124522007,0.9600702516060002,0.9920140503212
2024-04-30,0.9527310354432003,0.9596946124522007,0.9596946124522007,0.9600134516060002,0.9920026903212
2024-05-06,0.9527310354432003,0.9596946124522007,0.9596946124522007,0.9602566516060003,0.9920513303212001
2024-05-07,0.9527310354432003,0.9596946124522007,0.9596946124522007,0.9606698516060003,0.9921339703212001
2024-05-08,0.9526358312532003,0.9596946124522007,0.9596946124522007,0.9607750112060002,0.9921550022412001
2024-05-09,0.9527212712532003,0.9596946124522007,0.9596946124522007,0.9607750112060002,0.9921550022412001
2024-05-10,0.9526278212532003,0.9596946124522007,0.9596946124522007,0.9607803361460002,0.9921560672292001
2024-05-13,0.9525432712532003,0.9596946124522007,0.9596946124522007,0.9606750761460002,0.9921350152292001
2024-05-14,0.9525139012532002,0.9596946124522007,0.9596946124522007,0.9608054161460001,0.9921610832292
2024-05-15,0.9524054841232003,0.9596946124522007,0.9596946124522007,0.9608453161460002,0.9921690632292001
2024-05-16,0.9522774433832003,0.9595651330522006,0.9595651330522006,0.9609690247860001,0.9921938049572001
2024-05-17,0.9522792233832003,0.9595669330522006,0.9595669330522006,0.9612475847860001,0.9922495169572001
2024-05-20,0.9522685433832003,0.9595561330522006,0.9595561330522006,0.9613162447860002,0.9922632489572001
2024-05-21,0.9501481018832002,0.9574356715522007,0.9574356715522007,0.9591956632860001,0.9918391326572
2024-05-22,0.9334176918832003,0.9407055715522007,0.9407055715522007,0.9424674232860002,0.9884934846572001
2024-05-23,0.9223894671532002,0.9296751302522006,0.9296751302522006,0.9314302115860001,0.9862860423172001
2024-05-24,0.9267081571532003,0.9339939802522006,0.9339939802522006,0.9357490615860001,0.9871498123172001
2024-05-27,0.9258719071532003,0.9331579302522007,0.9331579302522007,0.9349130115860003,0.9869826023172001
2024-05-28,0.9264503837532003,0.9338450122522006,0.9338450122522006,0.9356000935860002,0.9871200187172001
2024-05-29,0.9264865937532003,0.9338756122522006,0.9338756122522006,0.9356306935860002,0.9871261387172001
2024-05-30,0.9313580330432002,0.9386697184722007,0.9386697184722007,0.9404247998060002,0.9880849599612
2024-05-31,0.9275494122932001,0.9346890584722006,0.9346890584722006,0.9364441398060002,0.9872888279612001
2024-06-03,0.9192851522932002,0.9323120584722007,0.9323120584722007,0.9340671398060002,0.9868134279612001
2024-06-04,0.9177310691732002,0.9235290467522006,0.9235290467522006,0.9273518198060002,0.9854703639612001
2024-06-05,0.9179235644332003,0.9237840329922006,0.9237840329922006,0.9321548460460002,0.9864309692092001
2024-06-06,0.9075505846480003,0.9135833487174005,0.9135833487174005,0.9272864438112001,0.98545728876224
2024-06-07,0.9122384596480003,0.9167277987174005,0.9167277987174005,0.9285963538112001,0.9857192707622401
2024-06-11,0.9093040396480003,0.9140007938574005,0.9140007938574005,0.9274657238112001,0.98549314476224
2024-06-12,0.9120936322380004,0.9164580139974005,0.9164580139974005,0.9286386038112001,0.9857277207622401
2024-06-13,0.9147568922380004,0.9170575635574004,0.9170575635574004,0.9279855438112002,0.9855971087622402
2024-06-14,0.9083937816380004,0.9106116279574004,0.9106116279574004,0.9272590018512,0.98545180037024
2024-06-17,0.9002162523380003,0.9017862879574005,0.9017862879574005,0.9238959718512001,0.9847791943702401
2024-06-18,0.8994871923380002,0.9004264495874006,0.9004264495874006,0.9235359418512,0.9847071883702401
2024-06-19,0.9017695991180003,0.9031903395874005,0.9031903395874005,0.9246259318512,0.9849251863702401
2024-06-20,0.8949759991180003,0.8960447146674003,0.8960447146674003,0.9219522718512,0.9843904543702401
2024-06-21,0.8926970991180002,0.8957534646674004,0.8957534646674004,0.9218414123912002,0.98436828247824
2024-06-24,0.8866250169680002,0.8926253246674004,0.8926253246674004,0.9217562723912002,0.9843512544782401
2024-06-25,0.8731910303180004,0.8734765785674005,0.8734765785674005,0.9218938923912002,0.9843787784782401
2024-06-26,0.8747561953996004,0.8744243331074004,0.8744243331074004,0.9240146018012002,0.9848029203602401
2024-06-27,0.8725808776396005,0.8735102311328603,0.8735102311328603,0.9198611544770402,0.9839722308954081
2024-06-28,0.8717195757196006,0.8719042774142548,0.8719042774142548,0.9190112815980002,0.9838022563196
2024-07-01,0.8941315112396003,0.8882588402621481,0.8882588402621481,0.9200741123980002,0.9840148224796001
2024-07-02,0.8984464512696005,0.9040661167966005,0.9040661167966005,0.9201515623980001,0.9840303124796
2024-07-03,0.8965467847856006,0.9156465816666005,0.9156465816666005,0.9178523200680002,0.9835704640136
2024-07-04,0.8912165591549205,0.9032085143150205,0.9032085143150205,0.9104346984150002,0.9820869396830001
2024-07-05,0.8875856679920004,0.8914959045540006,0.8914959045540006,0.9099520384150003,0.9819904076830002
2024-07-08,0.8865465939920004,0.8895642245540004,0.8895642245540004,0.9071350684150002,0.9814270136830001
2024-07-09,0.8959364665420004,0.8978762116340004,0.8979619209740004,0.9240383584150003,0.9848076716830001
2024-07-10,0.8887273775420005,0.8922097116340004,0.8922703109740004,0.9266993521250002,0.985339870425
2024-07-11,0.8948619217920005,0.8971042616340006,0.8971982485340004,0.9265939921250003,0.9853187984250001
2024-07-12,0.8877577654920006,0.8915809361140005,0.8917139385340004,0.9257853921250002,0.9851570784250001
2024-07-15,0.8795449759620007,0.8842620422240004,0.8843506546440003,0.9250490521250002,0.9850098104250001
2024-07-16,0.8771830363300005,0.8800177394204005,0.8827761183944005,0.9249856421250002,0.9849971284250001
2024-07-17,0.8697579163300007,0.8769476567204003,0.8808580983944004,0.9237726543540002,0.9847545308708001
2024-07-18,0.8724994894000007,0.8768213393644004,0.8991989573644005,0.9235277243540003,0.9847055448708001
2024-07-19,0.8753519997500007,0.8752843257644004,0.8874641173644006,0.9234748143540003,0.9846949628708002
2024-07-22,0.8726467880700006,0.8721490607144003,0.8913315173644004,0.9223583243540002,0.9844716648708001
2024-07-23,0.8570398789800007,0.8605457807144005,0.8826490571444005,0.9205830543540002,0.9841166108708002
2024-07-24,0.8488320353800007,0.8516182507144004,0.8767508071444005,0.9191234444040002,0.9838246888808001
2024-07-25,0.8523045423500007,0.8517801353544003,0.8771086695944006,0.9201282544040003,0.9840256508808001
2024-07-26,0.8694503388000008,0.8630599161944003,0.8828434414344006,0.9217452544040002,0.9843490508808002
2024-07-29,0.8637249470400007,0.8581186020844004,0.8825773714344006,0.9215273144040003,0.9843054628808001
2024-07-30,0.8613595278400008,0.8554487049344005,0.8808628714344006,0.9214793044040003,0.9842958608808001
2024-07-31,0.8740348846000007,0.8636859649344004,0.8917331314344006,0.9217777064040003,0.9843555412808
2024-08-01,0.8773232114600007,0.8630322549344003,0.8905146936044006,0.9218968364040003,0.9843793672808001
2024-08-02,0.8736479045800007,0.8631027523944004,0.8876216416044006,0.9212641864040003,0.9842528372808002
2024-08-05,0.8647011447800009,0.8585000748544005,0.8844220786944006,0.9194839664040003,0.9838967932808002
2024-08-06,0.8680632039000009,0.8609944296944004,0.8855247286944005,0.9199258564040003,0.9839851712808001
2024-08-07,0.868634568740001,0.8625331411144006,0.8865995986944005,0.9205967080340004,0.9841193416068001
2024-08-08,0.8675719087400008,0.8635278004744005,0.8870687368744007,0.9202420280340003,0.9840484056068002
2024-08-09,0.8629876387400007,0.8614635804744003,0.8866667368744006,0.9200682980340004,0.9840136596068001
2024-08-12,0.8574445424400009,0.8580447825944004,0.8870235213844007,0.9193256480340003,0.9838651296068002
2024-08-13,0.8573266788400009,0.8558346125944003,0.8857028513844006,0.9195516980340004,0.9839103396068001
2024-08-14,0.855686131700001,0.8524679660444003,0.8826400281844007,0.9187715780340002,0.9837543156068
2024-08-15,0.852375012280001,0.8472587068844004,0.8788052745344008,0.9183045480340003,0.9836609096068001
2024-08-16,0.8427168422800009,0.8416042414444003,0.8640846845344007,0.9145772177240002,0.9829154435448001
2024-08-19,0.839886525090001,0.8421053851044004,0.8666692091344006,0.9160973057340003,0.9832194611468001
2024-08-20,0.829462395090001,0.8372148651044004,0.8580291991344006,0.9154139557340003,0.9830827911468001
2024-08-21,0.825976905890001,0.8351044960644003,0.8589289891344006,0.9155527557340002,0.9831105511468001
2024-08-22,0.8221272513700009,0.8345213799744003,0.8545135286044006,0.9150122857340003,0.9830024571468001
2024-08-23,0.8232132062400009,0.8351674199744005,0.8560901286044007,0.9148976236940003,0.9829795247388001
2024-08-26,0.8313072880000009,0.8395160260344005,0.8595791956044007,0.9158926578540003,0.9831785315708002
2024-08-27,0.825146618000001,0.8336602860344005,0.8514869756044007,0.9151355378540004,0.9830271075708001
2024-08-28,0.8279517080000011,0.8352275984344004,0.8552246256044006,0.9149164378540003,0.9829832875708001
2024-08-29,0.8341226323000009,0.8381376611844005,0.8611829609244007,0.9168666678540004,0.9833733335708001
2024-08-30,0.8387068668200011,0.8425269029444005,0.8678245348044007,0.9172320576040003,0.9834464115208001
2024-09-02,0.8344072504000011,0.8394838515244004,0.8635570381744005,0.9154996831840004,0.9830999366368002
2024-09-03,0.834845840400001,0.8385733715244005,0.8643269281744005,0.9155421631840004,0.9831084326368001
2024-09-04,0.832577640400001,0.8371111415244005,0.8636354681744005,0.9139418131840004,0.9827883626368001
2024-09-05,0.8368276652000011,0.8394097551444004,0.8655025481744005,0.9145557631840003,0.9829111526368002
2024-09-06,0.8345006885700011,0.8376315852944004,0.8636976081744006,0.9133293731840004,0.9826658746368001
2024-09-09,0.8324859185700011,0.8331953701944007,0.8619598881744005,0.9127954367840003,0.9825590873568001
2024-09-10,0.8297158770000013,0.8309650300744006,0.8636754034744005,0.9148259665840004,0.9829651933168001
2024-09-11,0.8274250184100013,0.8286223400744004,0.8614585644744006,0.9128563225840004,0.9825712645168001
2024-09-12,0.8232061884700014,0.8264529170644004,0.8601036344744006,0.9111205225840003,0.9822241045168001
2024-09-13,0.8203992919100013,0.8248047170644004,0.8589911231444005,0.9113798970840002,0.9822759794168001
2024-09-18,0.8134721195100013,0.8206325087944005,0.8556793631444005,0.9107976444440004,0.9821595288888001
2024-09-19,0.8221002395100012,0.8239616757344005,0.8591356831444006,0.9118274744440003,0.9823654948888001
2024-09-20,0.8170194986100013,0.8224068157344004,0.8588568659544005,0.9110159993240003,0.9822031998648001
2024-09-23,0.8177420833400013,0.8217326050144006,0.8579100146144005,0.9103131593240004,0.9820626318648001
2024-09-24,0.8342922597300014,0.8367622902144005,0.8625994493944006,0.9112894975040005,0.9822578995008001
2024-09-25,0.8431866752900016,0.8409363602544006,0.8628993628444006,0.9105716371840004,0.9821143274368002
2024-09-26,0.8568711611800015,0.8497201835844005,0.8688552428444007,0.9123402171840004,0.9824680434368002
2024-09-27,0.8733384126300016,0.8598730453644003,0.8804666705944008,0.9173378573840003,0.9834675714768001
2024-09-30,0.9031781628100015,0.8919046863644007,0.903118502844401,0.9340854683440004,0.9868170936688001
2024-10-08,0.9416003985100015,0.9208533516644006,0.9413436921444007,0.9678774574240003,0.9935754914848001
2024-10-09,0.8960604261900017,0.8836200523044005,0.9058956255544007,0.9206416487440003,0.9841283297488002
2024-10-10,0.8977852696900015,0.8894611084144006,0.9063322355544008,0.9226902687440005,0.9845380537488002
2024-10-11,0.8852601906100016,0.8770791734144006,0.8933672266744007,0.9038151587440003,0.9807630317488001
2024-10-14,0.8934649178900014,0.8861426427244006,0.9034428042944007,0.9140544306240005,0.9828108861248002
2024-10-15,0.8891106275600017,0.8843647920644007,0.9026676704244009,0.9129009949840005,0.9825801989968002
2024-10-16,0.8886907534400017,0.8866121574844007,0.9022839192844008,0.9127281423240006,0.9825456284648002
2024-10-17,0.8885455937200017,0.8835970876844006,0.901490735464401,0.9112403376340005,0.9822480675268002
2024-10-18,0.8965971337200017,0.8895105640944005,0.9106111654644008,0.9200999276340005,0.9840199855268001
2024-10-21,0.9067089449600017,0.8971257789719904,0.9186435333844007,0.9272755629340005,0.9854551125868002
2024-10-22,0.9081091165400017,0.8968047971962005,0.9228474929144007,0.9299444468440006,0.9859888893688001
2024-10-23,0.9080820654200016,0.9005931280762006,0.9241810555544009,0.9326614555440006,0.9865322911088001
2024-10-24,0.9062777194000017,0.8947874280762007,0.9187370055544009,0.9262779435440005,0.9852555887088001
2024-10-25,0.9157831274000018,0.9013819318362006,0.924640555554401,0.9327674035440005,0.9865534807088001
2024-10-28,0.9219154082220019,0.9058874030962006,0.9277673555544007,0.9380143135440007,0.9876028627088002
2024-10-29,0.9132062784493297,0.8976753930462007,0.9206346011544008,0.9305488483440005,0.9861097696688002
2024-10-30,0.9078229253500015,0.8943443543262007,0.9173729748544008,0.9272942676440005,0.9854588535288001
2024-10-31,0.9109979935000017,0.8988110928762006,0.9181101218344008,0.9279833551640005,0.9855966710328001
2024-11-01,0.9061776477900017,0.8962159240362007,0.9191847140844008,0.9291127970740005,0.9858225594148001
2024-11-04,0.9087869752500015,0.8999190241062008,0.9239061740844008,0.9338397770740006,0.9867679554148001
2024-11-05,0.9163207146700016,0.9049175657062007,0.9313330940844008,0.9413147570740006,0.9882629514148001
2024-11-06,0.9150284047000017,0.9038163125062008,0.9316028640844007,0.9415578370740005,0.9883115674148002
2024-11-07,0.9207798478600018,0.9113541898662006,0.9373915412944008,0.9472455344540004,0.9894491068908001
2024-11-08,0.9245134597100018,0.9102326532162008,0.940437681294401,0.9506150347940004,0.9901230069588002
2024-11-11,0.9387067487600017,0.9200367529862008,0.9474278385444008,0.9562707738740005,0.9912541547748002
2024-11-12,0.9291373408600019,0.9171241549862008,0.9454709665444009,0.9545082738740005,0.9909016547748002
2024-11-13,0.9278212762700018,0.9136359194862008,0.9422071665444008,0.9511997738740006,0.9902399547748002
2024-11-14,0.9223813604700019,0.9055584384862009,0.9399323825444009,0.9488942718740005,0.9897788543748002
2024-11-15,0.9179619433900018,0.903173036786201,0.9397108981444009,0.9486702702740006,0.9897340540548002
2024-11-18,0.9197960279800019,0.9008656473762011,0.9373655728644009,0.9462944638340005,0.9892588927668001
2024-11-19,0.9247363647800018,0.904714187376201,0.9403253128644009,0.9492922438340006,0.9898584487668002
2024-11-20,0.930202077620002,0.910090295376201,0.944797366054401,0.9537752749740005,0.9907550549948001
2024-11-21,0.9327051176200017,0.9131439718862011,0.945030556054401,0.9540400749740005,0.9908080149948002
2024-11-22,0.9176188789300019,0.903712915616201,0.944872306454401,0.9538314805740004,0.9907662961148002
2024-11-25,0.9158643083100019,0.905279939866201,0.9525112051344011,0.9612094256140005,0.9922418851228001
2024-11-26,0.911062737666022,0.9044781167162009,0.948321195134401,0.9570847456140004,0.9914169491228001
2024-11-27,0.9197629074980062,0.9079690262262009,0.9536876974344012,0.9627145114140004,0.9925429022828002
2024-11-28,0.9200495114059781,0.9158171540662009,0.9537880974344011,0.9628185114140004,0.9925637022828001
2024-11-29,0.9245026439304019,0.921040282816201,0.9540639616644011,0.9632324429940005,0.9926464885988001
2024-12-02,0.932948491293202,0.927937071676201,0.9605931017644012,0.9687270744740006,0.9937454148948002
2024-12-03,0.930927008612402,0.9275734521662008,0.9589850317644011,0.9673430844740006,0.9934686168948001
2024-12-04,0.9270055605924021,0.9212063721662009,0.9577871870144012,0.9662666674740007,0.9932533334948002
2024-12-05,0.9273788090924022,0.9218230500462011,0.9633574770144012,0.9712657974740007,0.9942531594948002
2024-12-06,0.9391962651624023,0.9266479066462009,0.9615116802144014,0.9696357746740006,0.9939271549348002
2024-12-09,0.9415678071324022,0.9309656022262008,0.9599477722144013,0.9680234581740007,0.9936046916348003
2024-12-10,0.9536971621324022,0.9325009780162009,0.9645725423244013,0.9728042201740007,0.9945608440348002
2024-12-11,0.9610798796924022,0.937085480516201,0.9649230148244013,0.9731569826740007,0.9946313965348001
2024-12-12,0.9659941686124022,0.9366258168662009,0.9667648031619013,0.9750205410115007,0.9950041082023002
2024-12-13,0.9638826324124024,0.933693856866201,0.9641880070810639,0.9724259342506633,0.9944851868501328
2024-12-16,0.9613862330324023,0.928769708506201,0.9592882214144013,0.9674928085840007,0.9934985617168002
2024-12-17,0.9543581451724025,0.925608736106201,0.9517661308844014,0.9599143211040007,0.9919828642208002
2024-12-18,0.9564710863624024,0.928290192156201,0.9558831808844013,0.9640661211040007,0.9928132242208002
2024-12-19,0.9536584496263726,0.9284188781162009,0.9555006779344013,0.9636728516040006,0.9927345703208001
2024-12-20,0.9557937609020785,0.9319865704962008,0.9588659179344015,0.9670563716040007,0.9934112743208002
2024-12-23,0.9436321451473888,0.9245488297762009,0.9493800438844014,0.9575386155940008,0.9915077231188002
2024-12-24,0.9454464222818024,0.925763765596201,0.9468202108444014,0.9557225843540006,0.9911445168708002
2024-12-25,0.9401722162818025,0.9206292555962009,0.9408353708444014,0.9520516043540006,0.9904103208708002
2024-12-26,0.9417443962818024,0.922912075596201,0.9448761941044015,0.9551478643540007,0.9910295728708002
2024-12-27,0.9461750128318025,0.926827379496201,0.9508245169644015,0.9596692543540006,0.9919338508708002
2024-12-30,0.9436112370818025,0.924282582436201,0.9473790954144015,0.9584264935840006,0.9916852987168001
2024-12-31,0.9387512769718024,0.919519514526201,0.9450385252544016,0.9554479430440005,0.9910895886088001
2025-01-02,0.9349850735618024,0.916462571026201,0.9401008990544015,0.9505666630440005,0.9901133326088002
2025-01-03,0.9312820126418023,0.910831332866201,0.9343283284144015,0.9490983830440005,0.9898196766088001
2025-01-06,0.9310656027118024,0.906204153706201,0.9318441866144016,0.9491182030440005,0.9898236406088001
2025-01-07,0.9431494927118023,0.917634946006201,0.9399782380144015,0.9501807913640006,0.9900361582728001
2025-01-08,0.9416872276918026,0.9163483857062009,0.9405482540144015,0.9513228313640004,0.9902645662728001
2025-01-09,0.9410455025218024,0.9167671081762009,0.9446880640144015,0.9519292813640006,0.9903858562728002
2025-01-10,0.9362266258418024,0.915261501776201,0.9430634904144015,0.9508980313640005,0.9901796062728001
2025-01-13,0.9346582804018023,0.915474638256201,0.9439773504144015,0.9517475713640005,0.9903495142728002
2025-01-14,0.9516667404018023,0.921823192116201,0.9460310604144014,0.9539815813640005,0.9907963162728002
2025-01-15,0.9560952343918022,0.923999092566201,0.9460569204144015,0.9540194413640005,0.9908038882728002
2025-01-16,0.9537399452618024,0.9214373731562011,0.9451570404144014,0.9529672813640006,0.9905934562728002
2025-01-17,0.9590092957118023,0.9261582031562011,0.9459992904144015,0.9539006113640005,0.9907801222728001
2025-01-20,0.9597795893318022,0.9294803422462011,0.9473596704144015,0.9551975713640004,0.9910395142728001
2025-01-21,0.9614024438418024,0.9303975515562012,0.9467435604144014,0.9546060613640005,0.9909212122728002
2025-01-22,0.9607565905118024,0.9289628169162011,0.9469490604144014,0.9547953013640006,0.9909590602728002
2025-01-23,0.9636125911718022,0.929878001446201,0.9474392304144015,0.9553566913640006,0.9910713382728001
2025-01-24,0.9660503556018023,0.9322917400562011,0.9488588235744014,0.9570309194840005,0.9914061838968001
2025-01-27,0.9665730159118023,0.9274865558162011,0.9465128553144014,0.9536852935340007,0.9907370587068002
2025-02-05,0.9647861884318022,0.9319030630162011,0.9485654553144015,0.9557204451340007,0.9911440890268002
2025-02-06,0.9678337078218022,0.9388921225162012,0.9511419030144015,0.9588273790340006,0.9917654758068002
2025-02-07,0.9688266827024121,0.9451451251062011,0.9520936115144014,0.9597908775140006,0.9919581755028002
2025-02-10,0.9778076739840024,0.945830987966201,0.9542008615144014,0.9619122075140006,0.9923824415028002
2025-02-11,0.9719688022840023,0.9438044553562012,0.9523747307344014,0.9601013917340007,0.9920202783468002
2025-02-12,0.9786389541840023,0.9457380157162012,0.9529755974544014,0.9616391784540006,0.9923278356908002
2025-02-13,0.9752503161840024,0.9437970778862013,0.9530308258944016,0.9610378709340007,0.9922075741868002
2025-02-14,0.9763224238840025,0.9433285201262012,0.9538151758944015,0.9618637117340008,0.9923727423468002
2025-02-17,0.9797144338840023,0.9443756507262012,0.9556104750144016,0.9627049934740008,0.9925409986948002
2025-02-18,0.9687598503240025,0.9383837163062012,0.9517656887344017,0.9595164413440008,0.9919032882688003
2025-02-19,0.9716055196240024,0.9406590259662011,0.9558536387344017,0.9626935313440009,0.9925387062688003
2025-02-20,0.9776386589040024,0.9422263459662011,0.9563409210944017,0.9623658691840009,0.9924731738368002
2025-02-21,0.9811471756540024,0.9445744487462011,0.9581603210944016,0.9639090491840009,0.9927818098368002
2025-02-24,0.9759270981740025,0.9464201838562011,0.9550906410944017,0.9615447991840009,0.9923089598368002
2025-02-25,0.9868924286140024,0.9478681773262012,0.9547451777344017,0.9612443057840009,0.9922488611568002
2025-02-26,0.9877798353240026,0.948735310196201,0.9595826174344017,0.9627406063340008,0.9925481212668003
2025-02-27,0.9842216622140026,0.9479929086462012,0.9538464939404018,0.9569704228230009,0.9913940845646002
2025-02-28,0.9780063498194425,0.9412427881162011,0.9467344239404017,0.9498427928230009,0.9899685585646002
2025-03-03,0.9735282168539571,0.9380409329562011,0.9447228587404017,0.9491683428230009,0.9898336685646002
2025-03-04,0.9749860518192552,0.9431142135762013,0.9483140587404018,0.9514709228230009,0.9902941845646003
2025-03-05,0.9738552900128026,0.944114151576201,0.9478163587404017,0.9525189328230009,0.9905037865646003
2025-03-06,0.9785448201928025,0.9506229223862012,0.9549314535904017,0.9590853696730008,0.9918170739346002
2025-03-07,0.9781614542628027,0.9490106571462011,0.9587335935904017,0.9628789296730009,0.9925757859346003
2025-03-10,0.9763755164828025,0.949645427146201,0.9613904935904017,0.9647831296730008,0.9929566259346002
2025-03-11,0.9705217864828026,0.9448286907562012,0.9557390127504016,0.9609084880530009,0.9921816976106003
2025-03-12,0.9706294858428025,0.9473303439862012,0.9618792127504017,0.9667360580530008,0.9933472116106002
2025-03-13,0.9649011068450026,0.9453940957042511,0.9576003337404018,0.963341459473001,0.9926682918946003
2025-03-14,0.9679578057870404,0.9496863473472011,0.9656888765304019,0.9704424015330009,0.9940884803066002
2025-03-17,0.9644191477006028,0.9542419273472013,0.9655744144104018,0.9708821881330009,0.9941764376266002
2025-03-18,0.9645863977006027,0.9559865346072014,0.9660433872904018,0.971351003253001,0.9942702006506002
2025-03-19,0.9646746691706028,0.9507636326272015,0.962030441770402,0.9672747207030009,0.9934549441406002
2025-03-20,0.9608099582406029,0.9498981767772015,0.9625391487904019,0.9677118785430009,0.9935423757086003
2025-03-21,0.9519167488006027,0.9444393330972015,0.9558425650904018,0.9609244819430011,0.9921848963886003
2025-03-24,0.9445842781646027,0.9389575530972015,0.9508505822104019,0.9568373392930011,0.9913674678586003
2025-03-25,0.9510092181646027,0.9442439741372016,0.9579261792304019,0.9604237492930011,0.9920847498586003
2025-03-26,0.9517953279146029,0.9461824299172016,0.963629372170402,0.9650082071530011,0.9930016414306002
2025-03-27,0.9553186134646028,0.9476506915272016,0.963734279010402,0.9646462471530012,0.9929292494306003
2025-03-28,0.9477694887546028,0.9417727178472016,0.9624595194504021,0.959493715493001,0.9918987430986003
2025-03-31,0.9479647849546028,0.9417432978472017,0.964473908636942,0.9628544304022213,0.9925708860804443
2025-04-01,0.9515872649546028,0.9419138186172017,0.9660046157231554,0.9649669241791321,0.9929933848358264
2025-04-02,0.9505597618046028,0.9403580764272017,0.9650967094122826,0.9658655394674014,0.9931731078934803
2025-04-03,0.9403509464014028,0.936721174847202,0.9627816014312021,0.9658158594674014,0.9931631718934804
2025-04-07,0.9020528502914028,0.9056220654072019,0.9562450353912021,0.9508610181174013,0.9901722036234804
2025-04-08,0.9110600994114029,0.9133025522672017,0.9605974653912022,0.9530257028974013,0.9906051405794803
2025-04-09,0.9202103387345227,0.9241090815672017,0.968027222001202,0.9550472228974013,0.9910094445794804
2025-04-10,0.9291716780928029,0.9317015016972019,0.973656438251202,0.9560686628974012,0.9912137325794803
2025-04-11,0.9274956576828762,0.9272602977872019,0.9699035082512021,0.9545361354974014,0.9909072270994803
2025-04-14,0.9246500096582029,0.9285816528172018,0.971295844301202,0.9556690304074013,0.9911338060814803
2025-04-15,0.9267233797782028,0.9252266543572019,0.9700348613012021,0.9569625084074013,0.9913925016814803
2025-04-16,0.9171421797782027,0.9234705430272019,0.965634231301202,0.9550747157274013,0.9910149431454803
2025-04-17,0.9141145044682029,0.923899823007202,0.964861124341202,0.9554953757274014,0.9910990751454803
2025-04-18,0.9111319065282029,0.925422547607202,0.964410155341202,0.9553693557274013,0.9910738711454803
2025-04-21,0.9214643463182028,0.9276638555672021,0.965366445341202,0.9554393957274013,0.9910878791454804
2025-04-22,0.9199643356950029,0.9304052982272021,0.966165289341202,0.9568825757274013,0.9913765151454803
2025-04-23,0.9211002256950028,0.9312537277672018,0.969481290881202,0.9582995808674013,0.9916599161734803
2025-04-24,0.9172327857950029,0.9309099641672022,0.967738620881202,0.9574196608674013,0.9914839321734803
2025-04-25,0.9179951916550028,0.930580054387202,0.9668144261312022,0.9582655008674014,0.9916531001734803
2025-04-28,0.9112326776750027,0.9268266323372021,0.9619063561312021,0.9568691408674014,0.9913738281734803
2025-04-29,0.9131746445350027,0.9273246041172021,0.963352732131202,0.9569963408674014,0.9913992681734803
2025-04-30,0.9150783416750028,0.9263004537272023,0.961455682131202,0.9564080078674013,0.9912816015734803
2025-05-06,0.9383204906750029,0.9347259583672021,0.966989192131202,0.9580191678674014,0.9916038335734804
2025-05-07,0.9423463580750029,0.9359683657072023,0.9679219437712021,0.9580220978674013,0.9916044195734803
2025-05-08,0.9450730893550029,0.9392448918472021,0.970983967571202,0.9602776074674013,0.9920555214934803
2025-05-09,0.9424411573350029,0.9376367708872021,0.9704818667712021,0.9606988474674013,0.9921397694934804
2025-05-12,0.945258750725003,0.9392773052072021,0.972489955771202,0.9619164118974013,0.9923832823794803
2025-05-13,0.942885873585003,0.942283278067202,0.974792554661202,0.9636828407874013,0.9927365681574803
2025-05-14,0.943750870895003,0.9426150271572022,0.9728599294312019,0.9615320707874014,0.9923064141574803
2025-05-15,0.940532543515003,0.9387613607072024,0.9702440562712019,0.9597908707574013,0.9919581741514804
2025-05-16,0.9466553533950032,0.943231765707202,0.972699926271202,0.9627019507574013,0.9925403901514803
2025-05-19,0.9480283132650033,0.9471243135972021,0.972927515021202,0.9632761445574014,0.9926552289114803
2025-05-20,0.9519202130950031,0.9471349639272022,0.9741821550212021,0.9643897145574014,0.9928779429114803
2025-05-21,0.9493621311950031,0.9462903007272022,0.9748340379312019,0.9642341274674014,0.9928468254934804
2025-05-22,0.9437733508250031,0.9425682368872021,0.972610244031202,0.9626078662174014,0.9925215732434803
2025-05-23,0.9396384072250031,0.9401046768872021,0.972054734031202,0.9626589762174015,0.9925317952434803
2025-05-26,0.9383834204150032,0.9387512927172021,0.9724313940312019,0.9628825062174015,0.9925765012434804
2025-05-27,0.9378647283750033,0.9382017079772023,0.971410844031202,0.9630623562174013,0.9926124712434803
2025-05-28,0.9366551183750033,0.9402432629372023,0.972233434031202,0.9629948962174014,0.9925989792434804
2025-05-29,0.9419314345150034,0.9446209830972023,0.971937802691202,0.9634504033674013,0.9926900806734803
2025-05-30,0.9421180157150032,0.9421562030972024,0.971017242691202,0.9634195233674013,0.9926839046734803
2025-06-03,0.9437845470150031,0.9446618577872022,0.9709469426912021,0.9631607233674014,0.9926321446734804
2025-06-04,0.9471058531750033,0.9453590485172022,0.971259222691202,0.9633955633674014,0.9926791126734803
2025-06-05,0.9475479331750034,0.9470673156172024,0.974029879671202,0.9643542833674014,0.9928708566734803
2025-06-06,0.9482805814550034,0.9503759340472023,0.9738857808212021,0.9653261153274013,0.9930652230654803
2025-06-09,0.9505298929150034,0.9521234631672024,0.9748145108212021,0.9668933153274013,0.9933786630654803
2025-06-10,0.9468269589550035,0.9501145803272023,0.973606406671202,0.9656986381874012,0.9931397276374803
2025-06-11,0.9482179192950034,0.9530567703472023,0.974221626671202,0.9666687781874013,0.9933337556374803
2025-06-12,0.9470961112150036,0.9521541182872022,0.972854136671202,0.9653522381874013,0.9930704476374803
2025-06-13,0.9408270168750036,0.9500552128872023,0.9706918378212022,0.9639798077674012,0.9927959615534803
2025-06-16,0.9397110876750036,0.9502658313172023,0.973749087821202,0.9671846477674013,0.9934369295534803
2025-06-17,0.9407778135550036,0.9504215098272023,0.973753947821202,0.9672010597674012,0.9934402119534803
2025-06-18,0.9397050258950037,0.9500843871872025,0.9731539446812021,0.9661666926374012,0.9932333385274803
2025-06-19,0.9344652825650035,0.9485756334672024,0.972290139221202,0.9669759559674013,0.9933951911934803
2025-06-20,0.9322788638750036,0.9469596134672025,0.9693489392212021,0.9645423459674013,0.9929084691934803
2025-06-23,0.9345899156350035,0.9481863334672025,0.9709429842212021,0.9662522066774014,0.9932504413354803
2025-06-24,0.9388569984350035,0.9500466634672025,0.9750601642212021,0.9705020266774013,0.9941004053354803
2025-06-25,0.9413675821150036,0.9511946770172025,0.9765910251412021,0.9718378122174013,0.9943675624434803
2025-06-26,0.9369840961350034,0.9479181199172025,0.9751889642312022,0.9699282916174015,0.9939856583234803
2025-06-27,0.9394588000550036,0.9493357399172027,0.9749178727912021,0.9699446405274014,0.9939889281054803
2025-06-30,0.9410498161850036,0.9513584267272025,0.975199970641202,0.9696901589774014,0.9939380317954803
2025-07-01,0.9418431133545537,0.9558877577619525,0.9761089881133521,0.9700348835269514,0.9940069767053903
2025-07-02,0.9370109955660036,0.9541347155922025,0.973172860084202,0.9681041699684013,0.9936208339936803
2025-07-03,0.9392125720860036,0.9561060591822026,0.9742698068642021,0.9683700260984014,0.9936740052196803
2025-07-04,0.9362125938060036,0.9548346266822025,0.9721868330442021,0.9662753634984014,0.9932550726996803
2025-07-07,0.9335598400060036,0.9533022175922026,0.9718201130442021,0.9659353034984013,0.9931870606996803
2025-07-08,0.9411888633560035,0.9584672351822027,0.974565603044202,0.9686745834984013,0.9937349166996803
2025-07-09,0.9374990199260037,0.9565810662922025,0.972538527184202,0.9666554619384014,0.9933310923876804
2025-07-10,0.9364743068660037,0.9600273653222027,0.972552647184202,0.9666783919384014,0.9933356783876803
2025-07-11,0.9395553387860036,0.9614379366022027,0.972950093744202,0.9663385048084013,0.9932677009616804
2025-07-14,0.9402299765260038,0.9586678241222025,0.971449023744202,0.9658915248084013,0.9931783049616804
2025-07-15,0.9322855302060037,0.9563454004422027,0.9686300937442021,0.9637369248084013,0.9927473849616804
2025-07-16,0.9361852678060038,0.9578458936022026,0.9701501037442021,0.9651634948084014,0.9930326989616803
2025-07-17,0.9411875409460038,0.9630060966122027,0.9718038637442019,0.9663990148084014,0.9932798029616803
2025-07-18,0.9409811076036039,0.9610002664538028,0.9722881909898021,0.9662934527828013,0.9932586905565604
2025-07-21,0.9517276260836038,0.9697262603538029,0.9741624253698021,0.9681591123028014,0.9936318224605604
2025-07-22,0.9552562053836038,0.9798308407338029,0.9771552256198023,0.9711003325528016,0.9942200665105604
2025-07-23,0.9535844539446039,0.9749131367338029,0.9738208114198021,0.9677977266528015,0.9935595453305603
2025-07-24,0.9572341379070426,0.9827218671138029,0.9769663509198022,0.9709245861528015,0.9941849172305603
2025-07-25,0.9569454038336037,0.9837834195738029,0.9758708650798021,0.9698630981528014,0.9939726196305603
2025-07-28,0.950073683693604,0.9783631568238029,0.9717304800798021,0.9657452704528013,0.9931490540905603
2025-07-29,0.9485136622636038,0.9777842549038028,0.9705865259298021,0.9646149539928014,0.9929229907985604
2025-07-30,0.9469161101854038,0.9758965692038026,0.9707875459298021,0.9648080039928014,0.9929616007985603
2025-07-31,0.9369738025992821,0.9678061779438029,0.9776195659298021,0.9715413239928014,0.9943082647985604
2025-08-01,0.9392888378455764,0.9709859042138029,0.9734801074298022,0.9674498737728013,0.9934899747545604
2025-08-04,0.9440469926996039,0.977102417093803,0.9802174114298022,0.9741316877728013,0.9948263375545603
2025-08-05,0.9522585786396038,0.9825390870938029,0.9836486035298021,0.9775637294128013,0.9955127458825603
2025-08-06,0.9559138786396039,0.983178188533803,0.9854237469998021,0.9793352728828012,0.9958670545765603
2025-08-07,0.950373964136604,0.980351254973803,0.986497854999802,0.9804072107828012,0.9960814421565602
2025-08-08,0.9501966111166037,0.9813910821938031,0.986308024119802,0.9802111003628013,0.9960422200725603
2025-08-11,0.9542873849466039,0.982041951433803,0.9885865241198021,0.9824782303628014,0.9964956460725604
2025-08-12,0.9538447374566039,0.9819518159338031,0.986085832419802,0.9799887186628012,0.9959977437325603
2025-08-13,0.9554139174566039,0.982524147493803,0.9863528024198019,0.9802568786628013,0.9960513757325603
2025-08-14,0.9478318174566039,0.9780177074938029,0.983317962339802,0.9772429729428013,0.9954485945885603
2025-08-15,0.948214667226604,0.979773908983803,0.9875762310998021,0.9814727042828013,0.9962945408565603
2025-08-18,0.950516060356604,0.980126753183803,0.9899953684498021,0.9838707197128013,0.9967741439425604
2025-08-19,0.9520586166366041,0.9791851291138032,0.989589488449802,0.9834727397128012,0.9966945479425603
2025-08-20,0.952461566636604,0.9793666391138032,0.9891903884498021,0.9830770997128013,0.9966154199425603
2025-08-21,0.9561649366366041,0.9849735038038031,0.988794515289802,0.9826766158628014,0.9965353231725603
2025-08-22,0.9578258450766042,0.9917132810038033,0.990249405289802,0.9841259958628014,0.9968251991725603
2025-08-25,0.9582009609266041,0.9934839110038032,0.991240425289802,0.9851100758628014,0.9970220151725604
2025-08-26,0.9629722494239441,0.995284303573803,0.9913600852898019,0.9861567809328013,0.9972313561865603
2025-08-27,0.9424739851320367,0.9761668118538033,0.988457205289802,0.9794697924328013,0.9958939584865603
2025-08-28,0.9406924615744212,0.9739701298338032,0.988602719889802,0.9795262070328014,0.9959052414065603
2025-08-29,0.9322316468254044,0.9703731022238032,0.9876113827898019,0.9780672493828013,0.9956134498765603
2025-09-01,0.9265789773554042,0.9627060722238032,0.986727642789802,0.9759004593828013,0.9951800918765603
2025-09-02,0.9219711209354041,0.9620887617138033,0.9860162827898019,0.9752680818828012,0.9950536163765603
2025-09-03,0.9208986571754041,0.9641777757738033,0.9856286227898019,0.9748853918828013,0.9949770783765604
2025-09-04,0.9213435571754042,0.9631738028238034,0.9863392027898019,0.9755868618828013,0.9951173723765603
2025-09-05,0.9408360257054041,0.9794517485338035,0.9885210453698019,0.9777666394528013,0.9955533278905603
2025-09-08,0.9396914091654043,0.9868721485338035,0.989618595369802,0.9797096984528013,0.9959419396905603
2025-09-09,0.9314228580654041,0.9834065191538034,0.987608113979802,0.9761995830028014,0.9952399166005603
2025-09-10,0.9307205248741043,0.9815444458738034,0.984682793979802,0.9729304030028014,0.9945860806005603
2025-09-11,0.9380449269710656,0.9881685163038034,0.987609553979802,0.9762429730028014,0.9952485946005604
2025-09-12,0.9350663916159297,0.9863611214338034,0.9867910231598019,0.9762089884228013,0.9952417976845603
2025-09-15,0.9307557834094041,0.9832382261738034,0.9847128184598019,0.9745986629428014,0.9949197325885604
2025-09-16,0.9318810076194041,0.9814416912138033,0.9840415687698021,0.9744683329628016,0.9948936665925604
2025-09-17,0.932796737219404,0.9827774512138034,0.987713458769802,0.9772128729628015,0.9954425745925604
2025-09-18,0.9277456472194041,0.9789260445738034,0.981903551859802,0.9739684118228015,0.9947936823645603
2025-09-19,0.9206904813624043,0.9746631697338034,0.9796776344598022,0.9721074571228016,0.9944214914245604
2025-09-22,0.9171015403224041,0.9714232882938033,0.977356404459802,0.9699289262228016,0.9939857852445604
2025-09-23,0.9143302459624041,0.9672303273238033,0.975064534539802,0.9673698481328015,0.9934739696265603
2025-09-24,0.921246515322404,0.9746509477238033,0.9818937645398019,0.9719077341328015,0.9943815468265603
2025-09-25,0.921788815322404,0.9755371974538034,0.9863964467898022,0.9741181699328015,0.9948236339865604
2025-09-26,0.9211184859424044,0.9761905280138035,0.988280681989802,0.9760960145328015,0.9952192029065603
2025-09-29,0.9329411465824041,0.9827189163638036,0.9941977137298021,0.9798575395728014,0.9959715079145604
2025-09-30,0.9278678415324042,0.9845977935338034,0.9894060765898021,0.9743353899228016,0.9948670779845603
2025-10-09,0.9267094711324042,0.9877493299338035,0.987855112589802,0.9720880699228016,0.9944176139845604
2025-10-10,0.9278862349624042,0.9885817041938036,0.9889437318998021,0.9734433293828014,0.9946886658765604
2025-10-13,0.9207733410008843,0.9818435212438036,0.9849749404398022,0.9696712491328016,0.9939342498265604
2025-10-14,0.9123980251058044,0.9794523677338036,0.9866570140998021,0.9713040724928016,0.9942608144985604
2025-10-15,0.9171118237058044,0.9817818669338036,0.9867379269798021,0.9713819484128016,0.9942763896825604
2025-10-16,0.9130514127158041,0.9791512569338036,0.982950289849802,0.9682037920928015,0.9936407584185604
2025-10-17,0.9076549227158042,0.9749811835938037,0.980693102149802,0.9662520271928015,0.9932504054385604
2025-10-20,0.9117169119558043,0.9772544841838037,0.9820526507698021,0.9666496308128015,0.9933299261625603
2025-10-21,0.9172002351758043,0.9779270375938037,0.9848788907698021,0.9678558008128015,0.9935711601625603
2025-10-22,0.9273150087458044,0.9756440354938036,0.982817700989802,0.9677419808128015,0.9935483961625604
2025-10-23,0.9342621653018042,0.9773830247738038,0.983021580989802,0.9678245108128015,0.9935649021625603
2025-10-24,0.9348197286218043,0.9766506763558038,0.983720885629802,0.9682887832328015,0.9936577566465603
2025-10-27,0.9398022187118044,0.9823139349558038,0.984580845629802,0.9682858241528016,0.9936571648305603
2025-10-28,0.9303933321724044,0.9802083085558038,0.984085905629802,0.9681642941528016,0.9936328588305604
2025-10-29,0.9383473047024042,0.9833403570758037,0.9843920735498021,0.9682624241528016,0.9936524848305603
2025-10-30,0.9395994270024044,0.9796971947558036,0.9798377818498021,0.9660436208828017,0.9932087241765604
2025-10-31,0.9395836430082043,0.9817499690458038,0.9825638018498021,0.9672248583828018,0.9934449716765604
2025-11-03,0.9414686160990885,0.9851017390458037,0.9857811618498021,0.9697061435628017,0.9939412287125604
2025-11-04,0.9293819843632607,0.9823381811258037,0.9830106418498021,0.9684378308428018,0.9936875661685605
2025-11-05,0.9308820950484045,0.9843616365858038,0.9851634886798021,0.9700116908428017,0.9940023381685604
2025-11-06,0.9420141586984044,0.9892840628158038,0.9846467659998019,0.9701356812828018,0.9940271362565605
2025-11-07,0.9413114493784044,0.9907833450758038,0.984945305999802,0.9705259612828017,0.9941051922565604
2025-11-10,0.9445502462384046,0.9982610200758036,0.986112335999802,0.9702608212828017,0.9940521642565604
2025-11-11,0.9438712248384045,0.9989385705758037,0.986493971519802,0.9708806712028017,0.9941761342405604
2025-11-12,0.9431073627647946,1.0015934575758036,0.986489101519802,0.9707738712028018,0.9941547742405604
2025-11-13,0.9499741467262045,1.0050866210258038,0.9885318715198019,0.9715271101028018,0.9943054220205604
2025-11-14,0.9463526254262046,1.0035999087158038,0.9885197915198021,0.9713742301028018,0.9942748460205604
2025-11-17,0.9567915884262045,1.0017347845958038,0.988173513719802,0.9710634301028017,0.9942126860205605
2025-11-18,0.9473275988678045,0.9988105469258036,0.9879857700298019,0.9705051023528019,0.9941010204705605
2025-11-19,0.9459088417978045,0.9990188469258037,0.9875215598698018,0.9701591423528018,0.9940318284705604
2025-11-20,0.9445010352678046,0.9981081657958035,0.9889597161198018,0.9715985119028018,0.9943197023805604
2025-11-21,0.9365172994078046,0.9946901171158036,0.9851058961198019,0.9677754219028019,0.9935550843805604
2025-11-24,0.9350012603627247,0.9949534286858037,0.9865023661198019,0.9687555684028017,0.9937511136805603
2025-11-25,0.9368349278362047,0.9953764207458037,0.9861012141998019,0.9684527084028017,0.9936905416805604
2025-11-26,0.9329807919806948,0.9903047300258037,0.9853446422198019,0.9676848072428016,0.9935369614485604
2025-11-27,0.9286904185801205,0.9888760527258037,0.984546106719802,0.9669147120228017,0.9933829424045604
2025-11-28,0.9334505357028048,0.9915472227258038,0.9861489767198021,0.9684927120228016,0.9936985424045603
2025-12-01,0.937380748982805,0.9933866961158039,0.9855488667198019,0.9679004720228016,0.9935800944045604
2025-12-02,0.935130973622805,0.9928351903758035,0.9843507867198019,0.9667331120228017,0.9933466224045604
2025-12-03,0.9360026615528051,0.9941524103758036,0.983853435799802,0.9662819269428017,0.9932563853885604
2025-12-04,0.931559681552805,0.9923637727158037,0.983314990939802,0.9660629469428017,0.9932125893885604
2025-12-05,0.9362941277028051,0.9945486496058037,0.984241180939802,0.9663937969428017,0.9932787593885604
2025-12-08,0.938344469462805,0.9935500839358037,0.984578950939802,0.9666690169428016,0.9933338033885604
2025-12-09,0.9329936168928051,0.9919335337458037,0.9846157609398021,0.9668794669428017,0.9933758933885604
2025-12-10,0.9338375515084052,0.9939617955258037,0.9848461302298019,0.9672102094328017,0.9934420418865604
2025-12-11,0.9261394215084051,0.9917183737158038,0.9836197202298019,0.9666007194328017,0.9933201438865604
2025-12-12,0.9255158606184052,0.9916965937158038,0.9836904702298019,0.9665369594328018,0.9933073918865605
2025-12-15,0.9244666529992052,0.9911199599158037,0.9828211502298019,0.9659446494328018,0.9931889298865604
2025-12-16,0.9198637153622143,0.9898451499558037,0.981517017989802,0.9647950581428018,0.9929590116285604
2025-12-17,0.9207832869246052,0.9920539204958038,0.9848539353898018,0.9660779927028017,0.9932155985405604
2025-12-18,0.9252518293358751,0.9933936047182536,0.9858913653898018,0.9670463327028018,0.9934092665405604
2025-12-19,0.928797514424734,0.9958141591746413,0.9884588633898019,0.9678908122628017,0.9935781624525604
2025-12-22,0.9285896932100053,0.9969254019065725,0.9914459533898018,0.9687088822628017,0.9937417764525605
2025-12-23,0.9271236853500053,0.9931244958448038,0.9899585345498019,0.9677200853828017,0.9935440170765604
2025-12-24,0.9429602590100054,0.9931425098448038,0.9885350464618019,0.9681648438996817,0.9936329687799363
2025-12-25,0.9544994497600053,0.9939587934848039,0.989422622181802,0.9689537374980448,0.993790747499609
2025-12-26,0.9659974553100052,0.9941149885848038,0.9886541821818019,0.9665078755004017,0.9933015751000804
2025-12-29,0.9635281121500054,0.9936549872348039,0.9863777338118018,0.9642106859504016,0.9928421371900804
2025-12-30,0.9685238737960052,0.993959678964804,0.9872798538118018,0.9650890659504016,0.9930178131900804
2025-12-31,0.9676608859203593,0.9936605989648041,0.9880398538118019,0.9658290659504016,0.9931658131900803
2026-01-05,0.971886227405469,0.9996060352848041,0.9933829811518019,0.9710334834504015,0.9942066966900803
2026-01-06,0.9774308466700053,1.002382962524804,0.9975425211518018,0.9750849834504016,0.9950169966900804
2026-01-07,0.9753887251000053,1.001808051084804,0.9950762111518019,0.9726827334504016,0.9945365466900804
2026-01-08,0.9746132073400053,1.0002452541648037,0.9943008211518019,0.9719274834504016,0.9943854966900804
2026-01-09,0.9786916976500053,1.0006585838048039,1.015274851151802,0.9923567334504015,0.9984713466900803
2026-01-12,0.9824187837500055,1.001979591034804,0.9994174428718019,0.9769104222304016,0.9953820844460803
2026-01-13,0.9775705839600055,1.0016513695048037,1.0046721861218018,0.9820243421804016,0.9964048684360803
2026-01-14,0.9745322143100056,0.9993454853048038,1.002094636121802,0.9795134521804014,0.9959026904360804
2026-01-15,0.9724558772280056,0.997821109314804,1.0004089261218019,0.9778733421804016,0.9955746684360803
2026-01-16,0.9704924169400055,0.997808529314804,0.9983953061218019,0.9759125221804015,0.9951825044360804
2026-01-19,0.9755995196000056,1.002596293594804,1.000502638701802,0.9779664985404014,0.9955932997080803
2026-01-20,0.9749034398800055,1.0016380814848038,0.999139478701802,0.9766375785404016,0.9953275157080803
2026-01-21,0.9751583735100057,1.002259475794804,0.9996443160318019,0.9773885763604014,0.9954777152720804
2026-01-22,0.9789709819100056,1.006407355434804,1.002233427091802,0.9809875723404016,0.9961975144680804
2026-01-23,0.9820471393300055,1.012348444284804,1.004979304091802,0.9835218873404016,0.9967043774680804
2026-01-26,0.9755412225800056,1.0064548496848043,1.0019942387618022,0.9787982311704015,0.9957596462340803
2026-01-27,0.9733677615400057,1.0049055331048042,1.0001068869818022,0.9766292511704014,0.9953258502340804
2026-01-28,0.9752337717600057,1.0083396083248044,1.0024612625818021,0.9781931278204016,0.9956386255640803
2026-01-29,0.9737445200100058,1.0080282611648042,1.0015911503618022,0.9773497765604018,0.9954699553120804
2026-01-30,0.9658189394000056,1.0029490368348042,0.9988898869018021,0.9738885125804018,0.9947777025160804
2026-02-02,0.9572771499300059,0.9964298942748043,0.9912505496118023,0.9648829677304018,0.9929765935460804
2026-02-03,0.960322749530006,1.0029224659148044,0.9962477093318022,0.9690201872304016,0.9938040374460804
2026-02-04,0.9594960969800057,1.005870972674804,0.9983010093318022,0.9706166872304016,0.9941233374460804
2026-02-05,0.9585345748500057,1.0060795520148043,0.9972914673118022,0.9685492772304017,0.9937098554460804
2026-02-06,0.9613318021500057,1.0097502988648042,0.9977702516918022,0.9704874949704017,0.9940974989940804
2026-02-09,0.9666269511100058,1.0124857987248044,1.0011792301118023,0.9728776503904017,0.9945755300780804
2026-02-10,0.9657064395000057,1.0134864422348044,1.0018785728818025,0.9738580210304016,0.9947716042060804
2026-02-11,0.9720033381469358,1.0249220184348045,1.013515992881802,0.9832502310304018,0.9966500462060804
2026-02-12,0.9705512090386058,1.0243931063448046,1.0116308866418022,0.9833474696804018,0.9966694939360804
2026-02-13,0.9643029731486058,1.0179168488648045,1.0056211120918024,0.9776376549904018,0.9955275309980804
2026-02-24,0.9663147710373559,1.0231408750598043,1.0106614733993022,0.9810229269454017,0.9962045853890804
2026-02-25,0.9667433350334371,1.0227324033338794,1.0096705406418023,0.9799160764304018,0.9959832152860804
2026-02-26,0.9564795075436058,1.0126614152448044,1.0004403265818023,0.9715858969504019,0.9943171793900805
2026-02-27,0.9606745339736058,1.0126364058748045,1.0003366516418024,0.9715936677704018,0.9943187335540804
2026-03-02,0.9616845078936058,1.0108703459748045,0.9969362593418022,0.9687562375204019,0.9937512475040804
2026-03-03,0.952605376563606,1.0048189253348045,0.9879761623418024,0.9595168639504018,0.9919033727900805
2026-03-04,0.9461697085236059,1.0029612738348046,0.9849347305118025,0.9579438972804019,0.9915887794560805
2026-03-05,0.9483092487252059,1.0013509931548048,0.9845907791218024,0.9591207972804019,0.9918241594560804
2026-03-06,0.953341284483606,1.0036892436848048,0.9885110773818023,0.960940186900402,0.9921880373800804
2026-03-09,0.9578609728504061,1.0020822163748047,0.9876761637418023,0.959138827170402,0.9918277654340805
2026-03-10,0.9560170980653422,1.0036698067721348,0.9906175625385624,0.9618807227283621,0.9923761445456725
2026-03-11,0.9564989343633562,1.0036273525414046,0.9866295696070024,0.959299600211524,0.9918599200423048
2026-03-12,0.956508079925406,1.0015061153014047,0.9859142401370025,0.9586236603072029,0.9917247320614406
2026-03-13,0.9597715440524462,0.9996197581794045,0.9849507692591023,0.956369478039602,0.9912738956079205
2026-03-16,0.9579836067494292,0.9970761406194047,0.9818914270680104,0.9562691321396022,0.9912538264279205
2026-03-17,0.950543247919315,0.9936112182194046,0.9765936804985492,0.9535913121396021,0.9907182624279205
2026-03-18,0.9516524154262063,0.9927064674694047,0.9759812165990023,0.9529991221396023,0.9905998244279205
2026-03-19,0.9390689993262062,0.9868414873894046,0.9677362981790022,0.9512347621396021,0.9902469524279205
2026-03-20,0.9282653594062062,0.9829050555794046,0.9628560016290023,0.9491046923496022,0.9898209384699205
2026-03-23,0.9189074362062063,0.9763656782194048,0.9596026954590021,0.9464487723496021,0.9892897544699205
2026-03-24,0.9321347559562064,0.9850920713594047,0.9731379854590022,0.9500103523496022,0.9900020704699205
2026-03-25,0.9370448565062064,0.9900977901594047,0.9771148851990022,0.950276209569602,0.9900552419139205
2026-03-26,0.9283319773462065,0.9846167051094049,0.9736152078990022,0.9495449895696021,0.9899089979139205
2026-03-27,0.9317250391562065,0.9839475249894047,0.9748320873290023,0.9495516153696021,0.9899103230739205
2026-03-30,0.9270764643856266,0.9777792298094047,0.9734038459090023,0.949308095369602,0.9898616190739205
2026-03-31,0.9207441316539373,0.9758046761294047,0.9732357459090024,0.9491593353696021,0.9898318670739205
2026-04-01,0.9328569315762067,0.9844957960294048,0.9732097936890023,0.9499888067296021,0.9899977613459204
2026-04-02,0.9290721446662068,0.9823157902294049,0.9729887736890023,0.9494958067296021,0.9898991613459205
2026-04-03,0.9217982421634666,0.9839708725094047,0.9729836136890023,0.9492744004096021,0.9898548800819205
2026-04-07,0.928267181761054,0.9870493460876449,0.9729844736890023,0.9496101404096021,0.9899220280819205
2026-04-08,0.9409658777640069,1.0006478870897868,0.9736423142990023,0.950239576729602,0.9900479153459205
2026-04-09,0.9369265336595267,0.9964385004797249,0.9701846921518024,0.9482167781832022,0.9896433556366405
2026-04-10,0.9376704400644067,0.9915914542270294,0.9685181405718024,0.947390358183202,0.9894780716366405
2026-04-13,0.9351237562244067,0.9900743483624365,0.9685688705718024,0.9474925957832021,0.9894985191566404
2026-04-14,0.9393787462544066,0.9945912970346049,0.9698380305718024,0.948540175783202,0.9897080351566405
2026-04-15,0.9373390044144068,0.993765853114605,0.9683058455718023,0.9471061957832021,0.9894212391566405
2026-04-16,0.9400518710344067,0.995724529284605,0.9705429101318023,0.9492876455332022,0.9898575291066405
2026-04-17,0.9376191480998067,0.993377572595005,0.9698363450118023,0.9482995516532021,0.9896599103306405
2026-04-20,0.9394904092998067,0.9957252076650047,0.9726689612118022,0.9512252238132021,0.9902450447626405
2026-04-21,0.9386082444598067,0.9956832181350046,0.9706673812118022,0.9492734638132022,0.9898546927626405
2026-04-22,0.9416512706198068,0.9949792845650047,0.9706307821418021,0.9492096777032022,0.9898419355406405
2026-04-23,0.9397718106198066,0.9921392749950049,0.9696400625618022,0.9482402276832022,0.9896480455366405
2026-04-24,0.9400824125798067,0.9916632149750048,0.9689794489018023,0.9475861616032021,0.9895172323206405
2026-04-27,0.9394230512798067,0.9915414344150048,0.9713265621518022,0.9499113822332023,0.9899822764466405
2026-04-28,0.9388432859398066,0.9918350364450048,0.9691111021518023,0.9477259422332022,0.9895451884466405
2026-04-29,0.9373044168230067,0.9918978143650049,0.9701873176418021,0.9487660267332023,0.9897532053466405
2026-04-30,0.9373044168230067,0.9918978143650049,0.9708188344418023,0.9493813711332022,0.9898762742266405
2026-05-06,0.9373044168230067,0.9918978143650049,0.9714819716818022,0.9500270573932023,0.9900054114786405
2026-05-07,0.9373044168230067,0.9918978143650049,0.9714819716818022,0.9500270573932023,0.9900054114786405
2026-05-08,0.9373044168230067,0.9918978143650049,0.9714819716818022,0.9500270573932023,0.9900054114786405
2026-05-11,0.9373044168230067,0.9918978143650049,0.9714819716818022,0.9500270573932023,0.9900054114786405
2026-05-12,0.9373044168230067,0.9918978143650049,0.9714819716818022,0.9500270573932023,0.9900054114786405
2026-05-13,0.9373044168230067,0.9918978143650049,0.9714819716818022,0.9500270573932023,0.9900054114786405
2026-05-14,0.9373044168230067,0.9918978143650049,0.9714819716818022,0.9500270573932023,0.9900054114786405
2026-05-15,0.9373044168230067,0.9918978143650049,0.9714819716818022,0.9500270573932023,0.9900054114786405
2026-05-18,0.9373044168230067,0.9918978143650049,0.9714819716818022,0.9500270573932023,0.9900054114786405
2026-05-19,0.9373044168230067,0.9918978143650049,0.9714819716818022,0.9500270573932023,0.9900054114786405
2026-05-20,0.9373044168230067,0.9918978143650049,0.9714819716818022,0.9500270573932023,0.9900054114786405
2026-05-21,0.9373044168230067,0.9918978143650049,0.9714819716818022,0.9500270573932023,0.9900054114786405
2026-05-22,0.9373044168230067,0.9918978143650049,0.9714819716818022,0.9500270573932023,0.9900054114786405
2026-05-25,0.9373044168230067,0.9918978143650049,0.9714819716818022,0.9500270573932023,0.9900054114786405
2026-05-26,0.9373044168230067,0.9918978143650049,0.9714819716818022,0.9500270573932023,0.9900054114786405
2026-05-27,0.9373044168230067,0.9918978143650049,0.9714819716818022,0.9500270573932023,0.9900054114786405
2026-05-28,0.9373044168230067,0.9918978143650049,0.9714819716818022,0.9500270573932023,0.9900054114786405
2026-05-29,0.9386863229330067,0.993363012225005,0.9717290806218023,0.9501396543332021,0.9900279308666404
2026-06-01,0.9434609559030068,0.9967959788050048,0.9724032891218022,0.9511803299232023,0.9902360659846405
2026-06-02,0.9414098459030066,0.9927594533650049,0.9706338391218022,0.9506491199232022,0.9901298239846406
2026-06-03,0.9346501359030066,0.989344923365005,0.9666802538618021,0.9476981299232023,0.9895396259846405
2026-06-04,0.9280283659030067,0.985620083365005,0.9675205138618022,0.9470427899232022,0.9894085579846406
2026-06-05,0.9450657285930067,0.9854186724050048,0.9661126886018022,0.9456815353732023,0.9891363070746405
2026-06-08,0.9452310447530067,0.9850383054650049,0.9647158826018022,0.9446494172532023,0.9889298834506405
2026-06-09,0.9470895147530067,0.9842175476750051,0.9657181826018022,0.9456170972532022,0.9891234194506405
2026-06-10,0.9427740920030068,0.9767754676750049,0.9647868626018022,0.9446803772532023,0.9889360754506406
2026-06-11,0.9397175954857567,0.9751024676750049,0.9655441365818022,0.9448294172532022,0.9889658834506405
2026-06-12,0.9374703270980068,0.9813852607250051,0.9657484832618022,0.9456022278732023,0.9891204455746405
2026-06-15,0.9440878388080068,0.9853171649950049,0.9653713566818022,0.9456111939732024,0.9891222387946406
2026-06-16,0.939964756328007,0.9851880671050052,0.9667227166818023,0.9476696739732025,0.9895339347946406
2026-06-17,0.9415594963280068,0.976700937605005,0.9630982566818023,0.9459476739732023,0.9891895347946406
2026-06-18,0.9398684393280068,0.9690296876050051,0.9636282998818022,0.9463415939732024,0.9892683187946405
2026-06-22,0.9358623251250069,0.9726901386050049,0.9631087478818022,0.9460573042332024,0.9892114608466406
2026-06-23,0.9332438056380068,0.9717832377650051,0.9637349318818023,0.9466609922332023,0.9893321984466406
2026-06-24,0.9331651897380068,0.9715214732650052,0.9641025451018024,0.9470097534932024,0.9894019506986406
2026-06-25,0.9331651897380068,0.9714555852250052,0.9641025451018024,0.9470097534932024,0.9894019506986406
2026-06-26,0.9331651897380068,0.9714555852250052,0.9641025451018024,0.9470097534932024,0.9894019506986406
2026-06-29,0.9331651897380068,0.9714555852250052,0.9641025451018024,0.9470097534932024,0.9894019506986406
2026-06-30,0.9331651897380068,0.9714555852250052,0.9641025451018024,0.9470097534932024,0.9894019506986406
2026-07-01,0.9331651897380068,0.9714555852250052,0.9641025451018024,0.9470097534932024,0.9894019506986406
2026-07-02,0.9331651897380068,0.9714555852250052,0.9641025451018024,0.9470097534932024,0.9894019506986406
2026-07-03,0.9331651897380068,0.9714555852250052,0.9641025451018024,0.9470097534932024,0.9894019506986406
2026-07-06,0.9331651897380068,0.9714555852250052,0.9641025451018024,0.9470097534932024,0.9894019506986406
2026-07-07,0.9331651897380068,0.9714555852250052,0.9641025451018024,0.9470097534932024,0.9894019506986406
2026-07-08,0.9331651897380068,0.9714555852250052,0.9641025451018024,0.9470097534932024,0.9894019506986406
2026-07-09,0.9331651897380068,0.9714555852250052,0.9641025451018024,0.9470097534932024,0.9894019506986406
2026-07-10,0.9331651897380068,0.9714555852250052,0.9641025451018024,0.9470097534932024,0.9894019506986406
2026-07-13,0.9331651897380068,0.9714555852250052,0.9641025451018024,0.9470097534932024,0.9894019506986406
2026-07-14,0.9331651897380068,0.9714555852250052,0.9641025451018024,0.9470097534932024,0.9894019506986406
2026-07-15,0.9331651897380068,0.9714555852250052,0.9641025451018024,0.9470097534932024,0.9894019506986406
2026-07-16,0.9331651897380068,0.9714555852250052,0.9641025451018024,0.9470097534932024,0.9894019506986406
2026-07-17,0.9331651897380068,0.9714555852250052,0.9641025451018024,0.9470097534932024,0.9894019506986406
2026-07-20,0.9331651897380068,0.9714555852250052,0.9641025451018024,0.9470097534932024,0.9894019506986406
2026-07-21,0.9331651897380068,0.9714555852250052,0.9641025451018024,0.9470097534932024,0.9894019506986406
2026-07-22,0.9331651897380068,0.9714555852250052,0.9641025451018024,0.9470097534932024,0.9894019506986406
2026-07-23,0.9331651897380068,0.9714555852250052,0.9641025451018024,0.9470097534932024,0.9894019506986406
2026-07-24,0.9331651897380068,0.9714555852250052,0.9641025451018024,0.9470097534932024,0.9894019506986406
